ID_AUFTRAG_ZPM,n0_3,STW_NUM,BIEGESTEIFIGKEIT,MASSE,DATUM_GESAMT_BAUJAHR,V_SOLL_IST,BETA_HT_M_DEB,HOEHE_KONST_UEB_MITTE_DEB,Ssp_Randkonstruktion,WANDSCHIEFE_RAHMEN_P1_NUM2,DEB_I_LAGERUNG_UEBERBAU2
17,5.605,12.1,4093.9,15,1992,140,1.29,0.62,1,5.202,0
19,2.714,19.5,11737.4,27.2,1981,120,1,0.8,1,4.58999999999999,0
68,4.472,13.85,6079,20.38,2003,200,1,0.65,1,0,0
124,3.867,19.5,17477,19.94,1995,160,1.06,1,1,0,0
125,3.902,19.5,17477,19.59,1995,200,1.05,1,1,0,0
128,4.43,14.55,7979,22.38,2000,200,1,0.75,1,3.31200000000001,0
179,4.318,17.3,13483,19.92,2004,160,1.9,0.9,1,0.702000000000001,0
239,6.451,10.49,3695,18.09,2001,200,2.19,0.55,1,0,0
241,7.029,8.97,2249,17.35,2001,200,1.93,0.45,1,1.17,0
244,15.364,4.62,520,11.93,1999,200,1.34,0.31,1,0,0
245,15.308,4.62,530,12.25,1999,200,1.34,0.31,1,0,0
319,5.005,13.73,6336,17.56,2002,200,1.05,0.71,1,0,0
321,7.49,10.48,4525,16.5,2001,200,1.89,0.63,1,0.116999999999996,0
327,6.862,12.4,10227,22.67,2002,200,1.55,0.8,1,0,0
460,29.375,6.9,9687,12.22,1994,190,0.98,0.52,1,0,0
629,5.315,11.07,2417,14.06,2002,160,1.22,0.5,1,16.065,0
630,5.315,11.07,2417,14.06,2002,160,1.22,0.5,1,16.065,0
688,3.874,17.6,9836,16.85,2002,160,1.15,0.84,1,0,0
689,3.874,17.6,9836,16.85,2002,160,1.15,0.84,1,0,0
694,9.055,7.8,1604,13.04,1996,160,1,0.47,1,24.2181,0
695,9.055,7.8,1604,13.04,1996,160,1,0.47,1,24.2181,0
704,16.2,5.7,887,7.9,1958,160,0.932,0.45,1,0,0
940,21.63,4.4,673,9.47,1934,200,0.82,0.4,1,0,1
941,21.63,4.4,673,9.47,1934,200,0.82,0.4,1,0,1
963,22.27,4.2,536,8.57,1953,200,0.774,0.35,1,0,1
964,22.521,4.2,536,8.38,1953,200,0.774,0.35,1,0,1
1070,5.608,11.3,3462,16.66,1985,200,1.23,0.55,1,7.569,1
1071,5.608,11.3,3462,16.66,1985,200,1.23,0.55,1,7.569,1
1152,10.593,5.4,348,9,1986,120,1.105,0.27,1,0,0
1153,10.593,5.4,348,9,1986,120,1.105,0.27,1,0,0
1241,4.227,17.94,14879,19.84,1989,160,1.63,0.93,1,0,0
1242,5.14,15.96,13497,19.43,1989,160,1.6,0.93,1,0,0
1314,8.093,12.6,10425,15.58,1946,120,1.022,0.87,1,0,0
1315,8.093,12.6,10425,15.58,1946,120,1.022,0.87,1,0,0
1316,8.093,12.6,10425,15.58,1946,120,1.022,0.87,1,0,0
1317,8.093,12.6,10425,15.58,1946,120,1.022,0.87,1,0,0
1318,8.093,12.6,10425,15.58,1946,120,1.022,0.87,1,0,0
1319,8.093,12.6,10425,15.58,1946,120,1.022,0.87,1,0,0
1320,8.093,12.6,10425,15.58,1946,120,1.022,0.87,1,0,0
1321,8.093,12.6,10425,15.58,1946,120,1.022,0.87,1,0,0
1322,8.093,12.6,10425,15.58,1946,120,1.022,0.87,1,0,0
1323,8.093,12.6,10425,15.58,1946,120,1.022,0.87,1,0,0
1324,8.093,12.6,10425,15.58,1946,120,1.022,0.87,1,0,0
1325,8.093,12.6,10425,15.58,1946,120,1.022,0.87,1,0,0
1338,5.465,13,5186,15,1982,140,1,0.65,1,0,1
1343,12.612,8.45,4115,12.52,1951,140,0.845,0.67,1,11.997,1
1345,4.04,13.2,2802,13.95,1988,160,1.187,0.5,1,0,1
1346,8.339,8.4,1855,13.22,1988,160,1,0.44,1,0,0
1431,5.765,11,3221,16.33,1982,160,1.24,0.53,1,15.003,1
1458,19.102,4.7,832,11.53,1988,160,1.951,0.36,1,0,0
1459,19.102,4.7,832,11.53,1988,160,1.951,0.36,1,0,0
1599,13.484,5.8,909,10.9,1973,110,0.95,0.45,1,0,0
1684,6.367,13.3,9201,17.9,1972,130,1.01,0.93,1,0,0
1793,12.964,4.8,307,8.49,1957,200,0.8,0.32,1,0,1
1797,11.474,7.2,1560,10.88,1937,200,1.169,0.56,1,0,1
1798,11.474,7.2,1560,10.88,1937,200,1.169,0.56,1,0,1
1882,5.797,12,4770,16.89,1976,200,1.25,0.66,1,2.73600000000001,0
1883,3.9,12.6,2077,13.37,1993,200,1.3,0.47,1,0,0
1884,4.401,11.9,2292,14.56,1993,200,1.53,0.47,1,0,0
1888,9.823,6.6,869,11.71,1993,200,1.82,0.35,1,0,0
1890,14.783,5.6,1196,13.73,1933,200,1.059,0.43,1,0,0
1901,14.565,5.6,761,9,1931,160,1.442,0.44,1,0,0
1902,6.325,7,545,14,1994,160,1.038,0.3,1,0,0
1903,13.142,5,350,8,1981,160,1.18,0.3,1,0,0
1904,11.585,6,705,10,1931,160,1.33,0.41,1,0,0
1907,4.795,12.2,3037,14.71,1975,160,1.73,0.55,1,16.29,0
1944,5.963,12.89,6110,15.36,1974,160,1.82,0.66,1,0,0
1959,18.748,4.5,701,12,1967,200,0.881,0.35,1,0,0
1996,4.063,13.5,4444,20,1994,160,1.02,0.53,1,0.9,0
2007,5.887,10.8,2293,12,2004,100,2.037,0.45,1,0,0
2029,4.475,17.2,14206,20,1989,200,1.052,0.94,1,22.86,0
2141,10.585,7.05,1280,11.41,1930,160,1.079,0.55,1,0,1
2142,10.585,7.05,1280,11.41,1930,160,1.079,0.55,1,0,1
2144,12.72,5.8,679,9.15,1940,160,1.019,0.45,1,0,1
2145,12.737,5.8,788,10.59,1940,160,1.019,0.45,1,0,1
2198,5.551,11,2743,15,1980,200,1.31,0.51,1,0,0
2199,5.551,11,2743,15,1980,200,1.31,0.51,1,0,0
2203,6.699,9.6,2317,15,1980,200,1.37,0.5,1,0,0
2204,6.699,9.6,2317,15,1980,200,1.37,0.5,1,0,0
2272,5.933,11.65,5200,19.79,1989,100,1.302,0.65,1,0,0
2418,14.476,5.5,830,10.68,1970,160,0.843,0.28,1,4.5,1
2419,14.476,5.5,830,10.68,1970,160,0.843,0.28,1,4.5,1
2420,4.948,15.35,10261,18.63,1975,160,0.99,0.83,1,0,0
2421,4.944,15.35,10261,18.66,1975,160,0.99,0.83,1,0,0
2476,9.698,7,1264,13.81,1994,100,1,0.4,1,0,0
2477,9.793,7,1230,13.18,1994,100,1,0.4,1,0,0
2496,5.305,13.84,6454,15.42,1982,160,1.18,0.7,1,0,0
2497,5.305,13.84,6454,15.42,1982,160,1.18,0.7,1,0,0
2503,4.511,13.4,5666,21.31,1985,160,2.09,0.6,1,0,0
2505,4.511,13.4,5666,21.31,1985,160,2.09,0.6,1,0,0
2554,10.604,6,717,12.14,1997,140,1,0.345,1,0,0
2555,10.604,6,717,12.14,1997,140,1,0.345,1,0,0
2566,5.561,12.4,4361,14.72,1981,160,1.11,0.6,1,0,0
2567,5.603,12.4,4361,14.5,1981,160,1.11,0.6,1,0,0
2575,10.407,6.7,1003,11.34,1981,160,1.13,0.4,1,0,0
2576,10.352,6.7,1003,11.46,1981,160,1.13,0.4,1,0,0
2779,4.651,16.5,14269,21.96,1981,250,1,0.85,1,0,0
2780,4.651,16.5,14269,21.96,1981,250,1,0.85,1,0,0
2825,16.94,4.35,421,10.11,1997,160,1,0.26,1,0,1
2826,16.94,4.35,421,10.11,1997,160,1,0.26,1,0,1
2849,21.479,4.5,539,7.03,1977,160,0.828,0.37,1,0,1
2875,14.977,4.9,455.43,8.69,1978,200,1.595,0.3,1,0,0
2876,14.977,4.9,455.43,8.69,1978,200,1.595,0.3,1,0,0
2879,11.307,5,557,17.2,1989,200,1,0.28,1,0,1
2880,9.73,5.2,466,16.61,1982,200,0.949,0.28,1,0,1
2882,5.893,14.15,10155,18,1991,200,1.56,0.75,1,19.74798,0
2883,5.893,14.15,10155,18,1991,200,1.856,0.75,1,19.74798,0
2888,7.683,10.5,4720,16.23,1990,200,2.05,0.6,1,0,0
2889,7.683,10.5,4720,16.23,1990,200,2.05,0.6,1,0,0
2890,6.23,12.1,6082,18.04,1989,200,2.44,0.64,1,5.58,0
2891,6.23,12.1,6082,18.04,1989,200,2.44,0.64,1,5.58,0
2916,12.436,5.26,592.6,12.35,1988,200,1.7,0.32,1,8.451,0
2917,12.436,5.26,592.6,12.35,1988,200,1.7,0.32,1,8.451,0
2918,21.463,5,1301,11.15,1991,200,1.92,0.32,1,0,0
2919,30.503,5,1301,5.52,1991,200,1.92,0.32,1,0,0
2922,12.04,5.6,650,11.25,1991,200,2.213,0.31,1,0,0
2923,12.913,5.6,650,9.78,1991,200,2.213,0.31,1,0,0
2949,4.659,15,7656.8,17.19,1973,160,1.225,0.7,1,16.065,1
2950,4.653,15,7656.8,17.24,1974,160,1.225,0.7,1,16.065,1
2951,6.091,11.8,4678.6,16.05,1974,160,1.636,0.63,1,0,1
2952,6.346,11.8,5163.5,16.32,1974,160,1.636,0.63,1,0,1
2957,5.642,11.5,3285,14.56,1973,160,1.534,0.55,1,0,0
2958,5.642,11.5,3285,14.56,1973,160,1.534,0.55,1,0,0
2991,7.574,9.18,1661,10.06,1986,70,1.083,0.51,1,0,0
3058,11.201,6.35,926,11.2,1984,160,1,0.36,1,0,0
3178,4.187,17.46,13533,20.5,1988,160,1.06,0.953,1,0,0
3180,4.471,16,10107,19.04,1973,160,1.806,0.75,1,2.61000000000001,1
3194,3.662,14.442,5192,21.96,1992,100,1.28,0.56,1,19.8,0
3220,35.241,4,956.1,7.42,1975,160,0.764,0.26,1,0,0
3221,7.307,7.3,746,12.14,1972,160,1.086,0.36,1,0,1
3222,7.307,7.3,746,12.14,1972,160,1.086,0.36,1,0,1
3247,7.852,7.2,869,12.94,1986,160,1.11,0.34,1,0,0
3248,7.852,7.2,869,12.94,1986,160,1.11,0.34,1,0,0
3259,4.294,15.32,7294,17.72,1989,160,1.19,0.7,1,11.745,0
3260,4.294,15.32,7294,17.72,1989,160,1.19,0.7,1,11.745,0
3265,12.097,5.63,637,10.69,1974,160,1.013,0.34,1,0,1
3266,12.097,5.63,637,10.69,1974,160,1.013,0.34,1,0,1
3270,3.315,19,11380,19.61,1991,160,1.22,0.82,1,17.964,0
3271,3.315,19,11380,19.61,1991,160,1.22,0.82,1,17.964,0
3306,5.426,12.43,4333,15.21,1976,160,1.07,0.6,1,3.66839999999999,1
3307,5.426,12.43,4333,15.21,1976,160,1.07,0.6,1,3.66839999999999,1
3372,11.236,5.07,358,10.59,1995,140,1.343,0.27,1,0,0
3373,11.236,5.07,358,10.59,1995,140,1.343,0.27,1,0,0
3443,12.895,4.5,202,7.31,1973,160,0.828,0.245,1,0,1
3444,12.895,4.5,202,7.31,1973,160,0.828,0.245,1,0,1
3534,5.622,10.5,3172,20.37,1976,130,1.04,0.55,1,14.08896,0
3535,5.622,10.5,3172,20.37,1976,130,1.04,0.55,1,14.08896,0
3599,13.204,4.72,326.13,9.3,1979,200,1.29,0.28,1,0,1
3608,5.574,13.55,8133,19.16,1993,200,1.208,0.82,1,0,0
3609,5.574,13.55,8133,19.16,1993,200,1.208,0.82,1,0,0
3620,4.992,13.12,4920,16.44,1981,140,1,0.604,1,5.697,0
3621,4.488,13.78,5376,18.26,1998,140,1,0.61,1,0,0
3656,11.908,5.6,668,11.82,1983,160,0.878,0.32,1,0,1
3657,23.01,3.8,519,11.6,2003,160,0.902,0.28,1,0,1
3658,23.01,3.8,519,11.6,2003,160,0.902,0.28,1,0,1
3659,18.166,4.3,519,11.35,2004,160,1.078,0.28,1,0,1
3666,6.037,11.77,4498.9,15.87,1979,200,0.999,0.6,1,0,1
3667,6.037,11.77,4498.9,15.87,1979,200,0.999,0.6,1,0,1
3668,6.084,11.3,4058.2,16.59,1989,200,1,0.61,1,0,0
3669,6.084,11.3,4058.2,16.59,1989,200,1,0.61,1,0,0
3675,4.588,15.95,10246.3,18.56,1990,200,1,0.8,1,0,0
3676,4.588,15.95,10246.3,18.56,1990,200,1,0.8,1,0,0
3677,4.655,13.93,5658,17.11,1979,200,1.109,0.65,1,0,1
3678,4.655,13.93,5658,17.11,1979,200,1.109,0.65,1,0,1
3694,6.385,8.65,1260,13.621,2001,140,0.98,0.38,1,0,0
3695,6.392,8.65,1260,13.592,2001,140,0.98,0.38,1,0,0
3886,5.327,12.5,4871,17.35,1986,160,1.264,0.6,1,0,0
3887,5.053,12.9,5212,18.19,1986,160,1.264,0.6,1,0,0
3892,13.89,5.15,544,9.89,1974,160,1.05,0.3,1,0,1
3893,13.449,5.15,544,10.55,1974,160,1.05,0.3,1,0,1
3930,16.623,6.75,2348,10.1,1928,160,0.87,0.55,1,0,1
3944,4.369,14.45,6469,19.18,1990,130,0.99,0.67,1,3.6,1
3947,4.377,14.45,7005,20.69,1990,130,0.99,0.67,1,3.6,1
3962,15.654,7,4347,18.23,1936,160,0.969,0.71,1,0,1
3963,15.714,7,4347,18.09,1936,160,0.969,0.71,1,0,1
3976,8.458,8.83,2275.4,12.91,1980,160,1.078,0.5,1,0,1
3977,8.458,8.83,2275.4,12.91,1980,160,1.078,0.5,1,0,1
4015,11.598,8.8,6977,21.34,1984,280,0.95,0.68,1,0,1
4070,4.585,16,11990,21.47,1991,280,1,0.85,1,0,0
4071,4.585,16,11990,21.47,1991,280,1,0.85,1,0,0
4097,7.545,13,14372,21.81,1991,280,1,0.9,1,9,0
4098,7.545,13,14372,21.81,1991,280,1,0.9,1,0,0
4278,7.889,11.4,9373,22,1982,280,1,0.8,1,0,0
4279,7.889,11.4,9373,22,1982,280,1,0.8,1,0,0
4303,5.366,13.16,5789,16.54,1985,200,1,0.63,1,7.47450000000001,1
4304,5.366,13.16,5789,16.54,1985,200,1,0.63,1,7.47450000000001,1
4315,5.32,13.6,7693.3,19.603,1991,160,0.99,0.73,1,13.87629,1
4316,5.32,13.6,7693.3,19.603,1991,160,0.99,0.73,1,13.87629,1
4518,7.135,10.7,3748,13.86,1977,200,0.928,0.56,1,0,1
4519,7.135,10.7,3748,13.86,1977,200,0.928,0.56,1,0,1
4522,5.343,10,1677.38,14.5,1979,140,1.09,0.51,1,0,0
4523,5.616,9.9,1677.38,13.66,1977,200,1.12,0.51,1,0,0
4524,5.59,9.9,1677.38,13.79,1977,200,1.12,0.51,1,0,0
4552,3.35,19,10488,17.69,1998,160,1,0.8,1,0,0
4553,4.902,16.94,16480,20.55,1997,160,1.69,0.98,1,15.093,0
4563,3.041,20,11321,18.88,1998,110,1.48,0.79,1,0,0
4571,5.074,13.67,5279,14.49,1974,160,0.72,0.64,1,5.796,1
4572,4.976,13.67,5544,15.82,1974,160,0.72,0.64,1,5.796,1
4699,4.931,15,8691,17.42,1998,160,1,0.8,1,0,0
4918,7.077,10.8,4988,18.06,1979,140,1.32,0.56,1,2.7,1
5088,6.791,12.924,11618.4,22.282,1988,280,1.7,0.83,1,0,0
5089,6.741,12.924,11618.4,22.612,1988,280,1.7,0.83,1,0,0
5090,11.81,7.1,1728,12.03,1934,200,1.06,0.49,1,0,1
5091,11.81,7.1,1728,12.03,1934,200,1.06,0.49,1,0,1
5092,11.81,7.1,1728,12.03,1934,200,1.06,0.49,1,0,1
5093,11.81,7.1,1728,12.03,1934,200,1.06,0.49,1,0,1
5094,11.81,7.1,1728,12.03,1934,200,1.06,0.49,1,0,1
5095,11.81,7.1,1728,12.03,1934,200,1.06,0.49,1,0,1
5104,5.931,12.2,5199,16.46,1991,200,1.052,0.62,1,0.539999999999995,0
5105,5.964,12.2,5053,15.82,1991,200,1.052,0.62,1,0.603000000000002,0
5157,5.173,11.7,2662,13.1,1976,200,0.95,0.5,1,0,1
5158,5.173,11.7,2662,13.1,1976,200,0.95,0.5,1,0,1
5161,4.629,13.85,4687,14.67,1976,200,0.98,0.61,1,0,1
5177,21.162,4.5,812,10.91,1978,200,1.12,0.39,1,0,1
5178,21.162,4.5,812,10.91,1978,200,1.12,0.39,1,0,1
5179,12.266,8.59,4253,12.81,2004,200,1.39,0.65,1,18,1
5180,12.266,8.59,4253,12.81,2004,200,1.39,0.65,1,18,1
5210,3.88,19.88,20322,21.32,1998,180,1,0.98,1,0,0
5211,5.376,14,7561,16.8,1999,180,1.03,0.75,1,0,0
5411,15.611,4.6,398,9,1974,120,1.419,0.34,1,0,0
5455,13.855,6.2,1427.8,12.42,1926,200,0.901,0.45,1,0,1
5456,13.855,6.2,1427.8,12.42,1926,200,0.901,0.45,1,0,1
5462,12.421,6.786,2122.73,16.01,2012,140,2.25,0.531,1,9.108,0
5463,13.432,6.786,2122.73,13.69,2012,140,2.33,0.531,1,9.108,0
5464,7.531,9.4,2370.5,13.21,1979,160,1,0.5,1,0,1
5465,7.531,9.4,2370.5,13.21,1979,160,1,0.5,1,0,1
5466,4.284,16,9006.3,18.48,2002,160,1.16,0.8,1,0,0
5467,4.284,16,9006.3,18.48,2002,160,1.16,0.8,1,0,0
5531,4.238,19,19043.1,20.07,2002,160,1.57,1,1,0,0
5538,5.708,11.6,3291.98,13.77,1983,160,1.99,0.46,1,0,0
5623,5.201,13.51,5570,15.25,1982,150,1.33,0.65,1,2.6433,0
5624,5.201,13.51,5570,15.25,1982,150,1.33,0.65,1,2.6433,0
5628,20.966,5.4,1271,8.39,1972,150,0.9,0.47,1,0,1
5629,21.402,5.4,1326,8.4,1972,150,0.9,0.47,1,0,1
5630,4.607,15.35,8943,18.73,1989,140,1,0.76,1,0,0
5631,4.954,14.93,8643,17.49,1989,140,1,0.76,1,0,0
5648,5.361,12.5,4828,16.98,1978,160,1,0.64,1,18,1
5649,5.392,12.5,4775,16.6,1978,160,1,0.64,1,18,1
5652,7.085,8.75,1405,11.78,1978,200,0.96,0.4215,1,0,1
5653,7.14,8.75,1405,11.6,1978,200,0.96,0.4215,1,0,1
5654,20.262,5,1041,10.01,1941,200,0.95,0.43,1,0,1
5655,19.956,5,1041,10.32,1941,200,0.95,0.43,1,0,1
5672,41.551,2.9,436,8.81,1978,200,0.674,0.35,1,0,1
5673,41.551,2.9,436,8.81,1978,200,0.674,0.35,1,0,1
5678,10.671,9.5,5105,13.58,1985,200,0.94,0.79,1,0,1
5679,10.671,9.5,5105,13.58,1985,200,0.94,0.79,1,0,1
5680,10.671,9.5,5105,13.58,1985,200,0.94,0.79,1,0,1
5681,10.671,9.5,5105,13.58,1985,200,0.94,0.79,1,0,1
5704,8.342,7.91,1369,12.4,1983,200,1,0.41,1,0,0
5705,8.342,7.91,1369,12.4,1983,200,1,0.41,1,0,0
5706,8.455,7.61,1164,11.98,1983,200,1,0.39,1,1.9827,0
5707,8.455,7.61,1164,11.98,1983,200,1,0.39,1,1.9827,0
5708,5.74,11.8,3829,14.79,1977,200,1,0.56,1,0,1
5709,5.91,11.8,3829,13.95,1977,200,1,0.56,1,0,1
5761,16.807,4.75,366,6.28,1971,160,1.19,0.22,1,0,0
5762,16.807,4.75,366,6.28,1971,160,1.19,0.22,1,0,0
5771,5.198,12.2,2911,12,1974,160,1.56,0.52,1,15.3,0
5773,5.198,12.2,2911,12,1974,160,1.56,0.52,1,15.3,0
5778,17.014,6.2,1907,11,1934,160,1.11,0.55,1,0,0
5779,17.014,6.2,1907,11,1934,160,1.11,0.55,1,0,0
5801,14.426,5,369,7,1970,160,1.03,0.24,1,0,0
5802,14.426,5,369,7,1970,160,1.03,0.24,1,0,0
5803,4.957,16,11008,16.87,1974,160,1.31,0.83,1,0,0
5804,4.957,16,11008,16.87,1974,160,1.31,0.83,1,0,0
5806,8.876,9,3132,14.95,1987,160,1.618,0.54,1,0,0
5808,6.821,11.22,4393,14.7,1990,160,2.67,0.55,1,0,0
5809,6.821,11.22,4393,14.7,1990,160,2.67,0.55,1,0,0
5810,22.567,6.1,2992,10.47,1950,160,1.28,0.55,1,0,0
5812,5.751,11.5,3273,13.96,1972,160,1.39,0.55,1,0,0
5813,5.751,11.5,3273,13.96,1972,160,1.39,0.55,1,0,0
5814,4.302,14,3896,13.52,1973,160,1.19,0.54,1,0,0
5815,4.302,14,3896,13.52,1973,160,1.19,0.54,1,0,0
5818,8.452,6.6,445,8.1,1974,130,0.89,0.28,1,0,0
5829,5.436,15,9580,15.8,1974,150,1.11,0.81,1,0,0
5830,5.436,15,9580,15.8,1974,150,1.11,0.81,1,0,0
5836,7.056,10.6,3072,12.06,1976,130,0.99,0.55,1,26.1,0
5837,7.056,10.6,3072,12.06,1976,130,0.99,0.55,1,26.1,0
5843,5.957,15.2,13383,17.43,1976,160,1.98,0.9,1,0,0
5844,5.957,15.2,13383,17.43,1976,160,1.98,0.9,1,0,0
5851,4.935,16,10775,16.66,1973,160,1.32,0.83,1,0,0
5852,4.935,16,10775,16.66,1973,160,1.32,0.83,1,0,0
5863,9.165,7.26,888,9.39,1969,160,1.07,0.25,1,9.9,0
5864,9.165,7.26,888,9.39,1969,160,1.07,0.25,1,9.9,0
5869,5.299,15,8491,14.74,1973,160,1.31,0.76,1,5.4,0
5870,5.977,15,9946,13.57,1973,160,1.31,0.76,1,5.4,0
5874,15.794,4.3,262,7.58,1966,160,1.073,0.22,1,0,0
5875,18.074,4.3,363,8.02,1966,160,1.073,0.22,1,0,0
5896,5.478,15.89,16260,20.97,1990,160,1.12,0.97,1,8.91,0
5897,5.478,15.89,16260,20.97,1990,160,1.12,0.97,1,8.91,0
5898,7.305,9.14,1372,9.09,1969,160,0.97,0.42,1,16.47,0
5899,7.506,9.14,1372,8.61,1969,160,0.97,0.42,1,16.47,0
5994,13.62,8,3252,10.56,1969,160,1.04,0.55,1,24.3,0
5995,13.62,8,3252,10.56,1969,160,1.04,0.55,1,24.3,0
6025,9.572,5.8,303,7.21,1970,160,0.88,0.26,1,0,0
6026,9.572,5.8,303,7.21,1970,160,0.88,0.26,1,0,0
6085,14.072,5.2,909,15.49,1981,200,1.12,0.33,1,0,0
6115,13.45,4.8,404,10.38,1983,120,1,0.29,1,0,0
6150,4.052,18.53,14222,18.13,1986,160,1.48,0.9,1,0,0
6151,4.138,18.53,13621,16.65,1986,160,1.6,0.9,1,0,0
6157,5.943,10.5,2300,13.22,1979,160,1.03,0.48,1,0,0
6209,3.955,14.45,3977,14.39,1983,130,1.32,0.54,1,0,0
6234,4.214,16,6829,14.48,1983,130,1.7,0.68,1,0,0
6257,4.214,16,6829,14.48,1983,130,1.7,0.68,1,0,0
6292,4.943,16,11876,18.3,1985,160,2.22,0.88,1,0,0
6293,4.943,16,11876,18.3,1985,160,2.22,0.88,1,0,0
6409,8.75,8.6,2896,17.06,1987,280,2.06,0.48,1,0,0
6410,8.75,8.6,2896,17.06,1987,280,2.06,0.48,1,0,0
6526,45.673,2.5,250,7.57,1973,160,1.22,0.22,1,0,0
6527,45.673,2.5,250,7.57,1973,160,1.22,0.22,1,0,0
6538,8.358,7.3,825,10.26,1977,160,1.18,0.33,1,18,0
6539,8.539,7.3,788,9.39,1977,160,1.18,0.33,1,18,0
6640,16.491,5.2,772,9.58,1932,200,1.12,0.45,1,0,1
6657,11.212,8.7,2954,10.12,1930,200,1.53,0.57,1,0,1
6667,11.905,7.72,2034,9.97,1931,160,1.246,0.52,1,5.004,1
6755,9.949,6.1,561,10.1,1934,200,1.12,0.39,1,4.5,1
6762,18.274,3.8,219,7.76,1990,200,1,0.25,1,0,1
6844,5.112,12.7,3913,14.2,1977,120,1.057,0.59,1,0,0
6851,5.886,12.28,5850,18.32,1985,140,1.3,0.63,1,0,0
6854,6.162,12.6,8649,22.3,1991,200,1.93,0.7,1,0,0
6963,5.578,13.2,5778,15.09,1984,160,1.009,0.65,1,0,1
6964,5.344,13.2,5798,16.5,1984,160,1,0.65,1,0,1
7017,12.63,4.8,267,7.78,1975,160,0.844,0.26,1,0,0
7018,11.8,4.8,287,9.58,1975,160,0.844,0.26,1,0,0
7280,7.646,6.8,538,10.62,1978,160,0.908,0.34,1,0,1
7281,7.646,6.8,538,10.62,1978,160,1.2,0.34,1,0,1
7283,9.834,6.2,615,10.62,1978,160,1.07,0.32,1,0,1
7290,11.06,7,838,7.04,1939,160,0.793,0.4,1,0,1
7291,11.06,7,838,7.04,1939,160,0.748,0.4,1,0,1
7293,22.414,4.8,1444,13.36,1945,160,2.04,0.58,1,0,0
7317,12.729,4.7,224,6.99,1993,130,1.1,0.27,1,0,0
7345,16.384,4.5,410,9.19,1978,160,1.07,0.26,1,0,0
7438,3.247,19.69,13485,21,1989,140,1.121,0.86,1,15.228,0
7439,3.228,19.69,12058,19,1989,140,1.217,0.82,1,15.228,0
7473,4.924,11.75,2493,13.31,1987,140,1.05,0.6,1,0,0
7474,4.941,11.75,2490,13.2,1987,140,1.05,0.6,1,0,0
7509,9.767,6.7,1033,13.26,1980,160,1.02,0.41,1,0,1
7510,9.767,6.7,1033,13.26,1980,160,1.02,0.41,1,0,1
7523,6.594,9.8,2297,14.13,1974,160,1.03,0.46,1,0,1
7524,6.594,9.8,2297,14.13,1974,160,1.03,0.46,1,0,1
7532,22.174,3.57,268,8.28,1978,160,1.261,0.28,1,0,1
7533,22.587,3.57,268,7.98,1978,160,1.261,0.28,1,0,1
7542,4.535,12.5,3126,15.36,1989,130,1,0.55,1,0,0
7543,4.588,12.5,3155,15.15,1989,130,1,0.55,1,0,0
7549,9.765,6.8,466,5.64,1962,130,0.962,0.32,1,0,1
7550,9.765,6.8,466,5.64,1962,130,0.962,0.32,1,0,1
7561,6.253,10,2174,13.72,1980,160,1.006,0.5,1,0,1
7562,6.253,10,2174,13.72,1980,160,1.006,0.5,1,0,1
7726,8.243,10,4332,15.73,1969,200,0.94,0.65,1,0,1
7727,8.243,10,4332,15.73,1969,200,0.94,0.65,1,0,1
7737,4.208,16.2,7468,15.11,1991,200,1.04,0.75,1,0,0
7738,4.278,15.85,7891,16.86,1991,200,1.12,0.75,1,0,0
7755,3.766,15.3,4520.9,14.35,1985,160,1.03,0.6,1,0,0
7756,3.766,15.3,4520.9,14.35,1983,160,1.03,0.6,1,0,0
7773,17.451,8.6,9789,14.5,1955,160,0.949,0.82,1,0,0
7774,17.451,8.6,9789,14.5,1955,160,0.949,0.82,1,0,0
7784,13.393,5.2,556,10.46,1975,200,0.99,0.33,1,0,1
7785,13.393,5.2,556,10.46,1975,200,0.99,0.33,1,0,1
7842,4.771,14.45,7128,17.72,2005,150,1.18,0.79,1,13.86,0
7843,3.146,18.97,9617,18.51,2005,150,1.06,0.79,1,13.86,0
7873,15.794,5.8,937,8.19,1933,200,0.91,0.42,1,0.9,1
7874,15.794,5.8,937,8.19,1933,200,0.91,0.42,1,0.9,1
7875,15.794,5.8,937,8.19,1933,200,0.91,0.42,1,0.9,1
7876,15.794,5.8,937,8.19,1933,200,0.91,0.42,1,0.9,1
7901,14.452,6.8,1705,9.42,1946,150,0.78,0.52,1,0,1
7902,14.452,6.8,1705,9.42,1946,150,0.78,0.52,1,0,1
8027,5.011,11.7,2817,14.773,1981,140,1.61,0.59,1,0,0
8028,5.011,11.7,2817,14.773,1981,140,1.61,0.59,1,0,0
8033,19.716,6,2442,11.96,1934,160,0.9,0.59,1,12.51,1
8039,16.994,7,4103,14.6,2023,160,0.9,0.72,1,0,1
8040,16.994,7,4103,14.6,2023,160,0.9,0.72,1,0,1
8044,18.045,5.5,1501,12.43,1971,140,0.76,0.55,1,0,1
8045,17.347,5.5,1241,11.12,1971,140,0.76,0.55,1,0,1
8047,18.17,5.5,1517,12.39,1973,140,0.81,0.55,1,0,1
8074,4.683,10.23,1435.92,14.75,1984,100,0.99,0.39,1,0,0
8075,4.683,10.23,1435.92,14.75,1984,100,0.99,0.39,1,0,0
8088,6.633,9.25,1962,15.03,1997,80,1,0.45,1,0,0
8198,4.273,15.5,6893,16.14,1980,160,1.13,0.7,1,0,0
8199,4.273,15.5,6893,16.14,1980,160,1.13,0.7,1,0,0
8202,6.232,7.5,508,10.2,1980,160,1.47,0.4,1,0,0
8203,6.232,7.5,508,10.2,1980,160,1.47,0.4,1,0,0
8223,6.357,12.03,6065.2,17.68,1979,160,1.8,0.65,1,13.5,0
8224,6.36,12.03,5411.5,15.76,1979,160,1.8,0.65,1,13.5,0
8275,4.338,11.75,2364,16.26,1984,120,0.99,0.47,1,0,0
8276,4.29,11.75,2197,15.45,1984,120,0.99,0.47,1,0,0
8338,20.973,5.5,2163,13.26,2005,200,1.471,0.56,1,0,1
8351,4.611,12.52,3373,15.93,2003,200,1,0.6,1,0,1
8352,7.272,12.5,6122,11.7,2003,200,1.09,0.6,1,1.8,0
8367,4.507,13.85,5546,18.31,1985,200,1,0.65,1,0,0
8378,11.738,5.5,535,10.47,1975,160,1.051,0.3,1,0,0
8379,11.71,5.5,535,10.52,1975,160,1.051,0.3,1,0,0
8489,7.588,7.15,616,10.1,1972,160,0.89,0.3,1,0,1
8491,19.906,5.4,1580,11.57,1976,160,1.388,0.51,1,0,1
8496,26.473,4.45,910,8.17,1976,200,1.136,0.45,1,0,1
8497,25.888,4.5,910,8.17,1976,200,1.136,0.45,1,0,1
8498,26.473,4.45,910,8.17,1976,200,1.136,0.45,1,0,1
8501,27.871,3.6,588,11.12,1975,200,1.114,0.45,1,0,1
8548,4.127,14.2,5908.2,21.05,1995,140,1,0.6,1,1.404,0
8606,5.1,10.7,1975.7,14.3,1987,90,1.08,0.47,1,19.35,0
8607,5.266,13,5755,17.93,1981,90,1.5,0.66,1,9,0
9009,8.738,8.85,1346,7.09,1985,130,1.461,0.45,1,0,1
9072,22.025,5,972,7.91,1941,160,0.948,0.47,1,0,0
9073,22.025,5,972,7.91,1941,160,0.948,0.47,1,0,0
9107,18.727,5.7,1977.4,13.179,1960,130,0.98,0.59,1,0,0
9110,20.732,6.1,2752,11.41,1958,130,0.7,0.6,1,0,1
9129,11.124,5.9,737.4,12.135,1978,110,0.83,0.36,1,0,0
9130,11.124,5.9,737.4,12.135,1978,110,0.83,0.36,1,0,0
9140,4.588,11.5,2384.8,15.98,1984,120,1.32,0.47,1,0,0
9141,4.588,11.5,2384.8,15.98,1984,120,1.32,0.47,1,0,0
9220,9.991,6,601.4,11.471,1974,130,1.2,0.3,1,0,0
9223,9.875,9.55,6203,18.87,2010,100,1.025,0.53,1,0,0
9224,23.076,5.2,1920,12.168,1992,100,0.917,0.48,1,0,0
9226,4.566,13.91,5339,16.88,1990,90,1.088,0.65,1,10.107,0
9239,19.35,5,975,10.28,1969,160,0.982,0.41,1,0,1
9240,17.721,5,778,9.78,1969,160,1.035,0.38,1,0,1
9243,8.913,6.2,519,10.91,1977,160,0.97,0.32,1,0,1
9244,9.002,6.2,562,11.58,1977,160,0.97,0.32,1,0,1
9245,12.04,5.1,442,11.12,1977,160,1,0.3,1,0,1
9246,12.04,5.1,442,11.12,1977,160,1,0.3,1,0,1
9247,19.687,5,859,8.75,1969,160,0.88,0.4,1,0,1
9248,19.858,5,907,9.08,1969,160,1.02,0.4,1,0,1
9249,18.566,5,764,8.75,1948,160,1.07,0.38,1,0,1
9250,18.566,5,764,8.75,1948,160,1.07,0.38,1,0,1
9253,7.049,9,1703,12.89,1979,160,1.17,0.46,1,0,0
9254,7.049,9,1703,12.89,1979,160,1.17,0.46,1,0,0
9263,10.82,5.6,546,11.7,1980,140,1.1,0.32,1,0,0
9280,10.128,6.1,708,12.3,1982,160,1.5,0.34,1,0,0
9281,10.128,6.1,708,12.3,1982,160,1.5,0.34,1,0,0
9282,13.234,4.9,453,11.07,1982,160,1.2,0.3,1,0,0
9283,13.234,4.9,453,11.07,1982,160,1.2,0.3,1,0,0
9288,10.185,6.1,698,11.99,1982,110,1.5,0.34,1,0,0
9289,10.185,6.1,698,11.99,1982,110,1.5,0.34,1,0,0
9290,10.07,6.1,668,11.74,1980,110,0.94,0.34,1,0,0
9291,10.07,6.1,668,11.74,1980,110,0.94,0.34,1,0,0
9294,4.983,14.03,6735,17.27,1981,120,1.21,0.7,1,5.4,0
9295,4.983,14.03,6735,17.27,1981,120,1.21,0.7,1,5.4,0
9298,17.573,5.38,1015,9.68,1962,160,1.19,0.4,1,0,1
9299,17.573,5.38,1015,9.68,1962,160,1.19,0.4,1,0,1
9300,14.409,4.9,552,11.38,1984,160,1.33,0.32,1,0,0
9301,14.409,4.9,552,11.38,1984,160,1.33,0.32,1,0,0
9375,8.212,8.2,1369,11.08,1988,160,1.49,0.41,1,0,0
9396,26.971,5.5,3410,12.64,2011,130,1.19,0.42,1,0,0
9420,16.13,4.16,336,10.64,1983,160,1.2,0.28,1,0,0
9421,16.13,4.16,336,10.64,1983,160,1.2,0.28,1,0,0
9443,13.346,8.5,7228,19.18,2017,160,1.4,0.52,1,0,0
9444,13.346,8.5,7228,19.18,2017,160,1.4,0.52,1,0,0
9447,9.967,6,540,10.35,2017,160,1.13,0.32,1,0,0
9448,9.967,6,540,10.35,2017,160,1.13,0.32,1,0,0
9451,2.848,16.4,4304,18.1,1983,160,1.23,0.72,1,18.9,0
9452,2.848,16.4,4304,18.1,1983,160,1.23,0.72,1,18.9,0
9466,4.594,9.6,1289,17.74,1973,140,0.974,0.63,1,19.8,1
9467,4.508,9.6,1289,18.43,1973,140,0.974,0.63,1,19.8,1
9475,11.914,6.5,1452,14.14,1935,140,0.818,0.48,1,0,0
9476,11.914,6.5,1452,14.14,1935,140,0.818,0.48,1,0,0
9509,19.208,5.5,1737.43,12.6984,1932,200,1.047,0.49,1,0,0
9510,19.208,5.5,1737.43,12.6984,1932,200,1.047,0.49,1,0,0
9513,13.135,5.7,1043.3,14.1358,1968,200,1.219,0.42,1,0,0
9514,13.135,5.7,1043.3,14.1358,1968,200,1.219,0.42,1,0,0
9519,9.797,5.7,478.57,11.6538,1970,200,0.893,0.31,1,0,1
9520,9.797,5.7,478.57,11.6538,1970,200,0.893,0.31,1,0,0
9521,14.477,5.7,1185.29,13.22,1970,200,1.207,0.42,1,0,0
9522,14.477,5.7,1185.29,13.22,1993,200,1.207,0.42,1,0,0
9525,14.659,6.2,1521,11.82,1930,200,0.97,0.45,1,10.8,1
9526,14.76,6.2,1846,14.15,1930,200,0.97,0.45,1,10.8,1
9529,11.938,5.4,544.2,11.08,1990,160,1.22,0.29,1,0,0
9530,11.938,5.4,544.2,11.08,1990,160,1.22,0.29,1,0,0
9555,8.316,9,2147.9,11.68,1935,140,1.24,0.45,1,9,0
9562,8.727,6.7,793.1,12.75,1989,150,1.38,0.35,1,0,0
9563,8.727,6.7,793.1,12.75,1989,150,1.38,0.35,1,0,0
9726,10.134,5.5,339,8.9,1985,110,1.43,0.28,1,0,0
9729,10.169,6.2,623,10.06,1973,130,1.11,0.34,1,0,1
9730,10.169,6.2,623,10.06,1973,130,1.11,0.34,1,0,1
9771,4.991,13.8,5634,15.39,1982,160,1.43,0.64,1,0,0
9772,4.991,13.8,5634,15.39,1982,160,1.43,0.64,1,0,0
9775,4.839,13.8,5427,15.77,1980,160,1.42,0.66,1,0,1
9776,4.839,13.8,5427,15.77,1980,160,1.42,0.66,1,0,1
9807,8.434,9.55,3817.1,15.92,1992,130,1.43,0.61,1,0,1
9810,3.722,15,4669.5,16.43,1992,130,1.04,0.61,1,0,1
9811,8.434,9.55,3817.1,15.92,1992,130,1.43,0.61,1,0,1
9830,15.094,5.4,738,9.4,1957,160,0.85,0.38,1,0,1
9831,15.094,5.4,738,9.4,1957,160,0.85,0.38,1,0,1
9835,15.824,6.2,1729,11.53,1950,130,1.03,0.5,1,0,1
9836,15.691,6.2,1678,11.38,1950,130,1.03,0.5,1,0,1
9839,16.456,5.9,1294,9.73,1948,130,1.28,0.47,1,0,1
9840,16.456,5.9,1294,9.73,1948,130,1.28,0.47,1,0,1
9849,8.951,5.8,310.9,8.46,1984,160,1.21,0.235,1,0,0
9850,8.951,5.8,310.9,8.46,1984,160,1.21,0.235,1,0,0
9855,15.989,5.94,1526,11.83,1955,160,1.18,0.43,1,0,1
9856,15.989,5.94,1526,11.83,1955,160,1.18,0.43,1,0,1
9862,10.447,6.4,823,11.09,1974,150,1.12,0.36,1,0,1
9863,10.471,6.4,905,12.14,1974,150,1.12,0.36,1,0,1
9864,14.609,5.5,691,8.73,1983,160,1.057,0.37,1,0,1
9865,14.539,5.5,878,11.2,1983,160,1.66,0.37,1,0,1
9882,9.328,5.36,255,8.76,1988,130,1,0.25,1,0,0
9886,18.302,6,4330,24.61,1995,160,1.01,0.55,1,0,1
9920,5.131,13.73,6299,16.61,1981,160,1.595,0.7,1,28.11654,0
9921,5.131,13.73,6299,16.61,1981,160,1.595,0.7,1,28.11654,0
9954,4.383,17.6,13752,18.41,1988,110,1.056,0.9,1,0,0
9955,4.383,17.6,13752,18.41,1988,110,1.056,0.9,1,0,0
9985,13.149,5.8,816,10.29,1982,140,1,0.38,1,4.7673,0
9988,4.468,13.3,4018,15.87,1982,140,1.04,0.61,1,0,0
10013,12.525,5.4,612,11.32,1973,140,1.21,0.34,1,0,1
10014,12.525,5.4,612,11.32,1973,140,1.21,0.34,1,0,1
10015,13.03,5,498,11.58,1983,140,1,0.31,1,0,0
10016,13.03,5,498,11.58,1983,140,1,0.31,1,0,0
10025,4.752,13.6,4900,15.65,1989,140,1.27,0.63,1,0,0
10026,4.784,13.6,4938,15.56,1989,140,1.27,0.63,1,0,0
10029,26.319,5.25,2907,13.63,1977,140,0.948,0.59,1,0,1
10033,9.591,5.7,440,11.18,1988,160,1.16,0.29,1,0,0
10034,9.591,5.7,440,11.18,1988,160,1.16,0.29,1,0,0
10297,28.867,4.3,1441,12.48,1953,160,1.04,0.5,1,0,1
10298,28.867,4.3,1441,12.48,1953,160,1.04,0.5,1,0,1
10347,24.982,3.67,446,9.72,1973,140,1.2,0.33,1,0,1
10365,9.606,6.7,884,11.73,1972,160,1.21,0.36,1,0,1
10366,9.606,6.7,884,11.73,1972,160,1.21,0.36,1,0,1
10392,11.096,5.6,557,11.35,1982,160,1.25,0.32,1,0,1
10393,11.096,5.6,557,11.35,1982,160,1.25,0.32,1,0,1
10394,6.888,8.07,1013,12.42,1982,160,1.05,0.38,1,0,1
10395,6.888,8.07,1013,12.42,1982,160,1.05,0.38,1,0,1
10397,10.889,5.6,544,11.51,1982,160,1.25,0.32,1,0,1
10400,8.869,8.19,1724,12.02,1983,160,1.17,0.46,1,0,1
10411,8.869,8.19,1724,12.02,1983,160,1.17,0.46,1,0,1
10438,5.71,11.52,3377,14.51,1981,140,1.09,0.55,1,3.23999999999999,1
10449,10.136,6.1,648,11.24,1985,140,1.09,0.34,1,0,1
10450,10.136,6.1,648,11.24,1985,140,1.09,0.34,1,0,1
10451,4.415,14.73,5572,14.98,1991,140,1.026,0.69,1,29.664,0
10452,4.415,14.73,5572,14.98,1991,140,1.026,0.69,1,29.664,0
10522,18.352,5,854,10.01,1953,130,1,0.41,1,0,1
10523,18.03,5,984,11.95,1953,130,1,0.41,1,0,1
10596,17.245,8.5,8368,13.3,1951,130,1.23,0.52,1,2.7,0
10597,9.376,8.5,2258,12.14,1951,130,1.23,0.52,1,2.7,0
10667,10.693,6,669,11.14,1995,130,1.22,0.33,1,0,0
10668,10.693,6,669,11.14,1995,130,1.22,0.33,1,0,0
10676,7.302,13.6,11066,14.97,1947,140,1.01,0.95,1,0,0
10677,7.315,13.6,12225,16.48,1947,140,1.04,0.95,1,0,0
10700,8.064,8,1275,11.81,1977,110,1.07,0.38,1,0,0
10701,8.081,8,1275,11.76,1977,110,1.07,0.38,1,0,0
10702,8.064,8,1275,11.81,1977,110,1.07,0.38,1,0,0
10703,8.081,8,1275,11.76,1977,110,1.07,0.38,1,0,0
10790,5.616,10.6,1961,12.15,1990,100,1.041,0.45,1,0,0
10791,5.623,10.6,1953,12.07,1990,100,1.041,0.45,1,0,0
10841,6.905,11.3,4723,14.99,1976,100,1.13,0.56,1,1.998,1
10842,6.905,11.3,4723,14.99,1976,100,1.13,0.56,1,1.998,1
10901,14.663,6.078,1305.8,10.98,2004,100,1,0.39,1,15.75045,0
10902,14.572,6.078,1328.3,11.31,2004,100,1,0.39,1,15.75045,0
10990,6.151,10.1,2221,13.92,1986,90,1.29,0.48,1,7.884,0
10991,6.151,10.1,2221,13.92,1986,90,1.29,0.48,1,7.884,0
11005,8.883,9.64,4123,14.93,1979,140,1.17,0.59,1,34.2,0
11006,8.883,9.64,4123,14.93,1979,140,1.17,0.59,1,34.2,0
11107,12.802,5.3,554,10.57,1985,140,1.12,0.32,1,0,0
11108,12.802,5.3,554,10.57,1985,140,1.12,0.32,1,0,0
11168,27.284,4.55,1028,7.95,1997,110,1.245,0.43,1,0,0
11169,27.284,4.55,1028,7.95,1997,110,1.245,0.43,1,0,0
11354,19.29,5.6,1587,10.7,1969,160,0.915,0.36,1,0,1
11355,19.29,5.6,1587,10.7,1969,160,0.915,0.36,1,0,1
11366,13.891,4.6,298,8.51,1975,160,0.799,0.28,1,0,0
11367,13.891,4.6,298,8.51,1975,160,0.799,0.28,1,0,0
11369,11.854,10.1,13530,22.83,1979,160,1.29,0.54,1,0,0
11372,6.615,10.5,3080,14.29,1981,160,1.082,0.54,1,0,0
11373,6.615,10.5,3080,14.29,1981,160,1.082,0.54,1,0,0
11377,23.075,5.6,4652,21.92,1975,100,1.185,0.43,1,0.962999999999994,0
11401,18.761,8.3,8016,11.84,1959,110,1.115,0.52,1,0,0
11402,18.761,8.3,8016,11.84,1959,110,1.115,0.52,1,0,0
11451,3.906,13.64,3452,16.13,1994,140,1.07,0.65,1,0,0
11452,3.969,13.64,3452,15.62,1994,140,1.07,0.65,1,0,0
11459,12.808,4.8,372,10.54,1992,140,1.29,0.28,1,0,0
11460,12.677,4.8,372,10.76,1992,140,1.29,0.28,1,0,0
11461,6.214,11.1,3787.3,15.94,1992,200,1.89,0.54,1,7.515,0
11462,6.214,11.1,3787.3,15.94,1992,200,1.89,0.54,1,7.515,0
11507,3.671,19.7,14463,17.58,1991,160,1.2,0.93,1,0,0
11508,3.642,19.7,16106,19.89,1991,160,1.2,0.93,1,0,0
11509,4.807,15.4,9491,18.02,1992,160,1.359,0.8,1,0,0
11510,5.275,14.6,8983,17.53,1992,160,1.385,0.8,1,0,0
11514,3.764,17.7,9745,17.29,1990,160,1,0.8,1,0,0
11515,3.762,17.7,9745,17.31,1990,160,1,0.8,1,0,0
11518,4.957,15.3,10261,18.8,1993,200,1.56,0.79,1,9.441,0
11519,4.957,15.3,10261,18.8,1993,200,1.56,0.79,1,9.441,0
11520,3.748,15.09,4195,14.21,1994,140,0.84,0.62,1,4.33799999999999,0
11521,3.748,15.09,4195,14.21,1994,140,0.84,0.62,1,4.33799999999999,0
11522,5.037,14,6728,17.03,1994,160,1.28,0.69,1,25.254,0
11539,6.657,8.06,924,12.19,1992,160,0.85,0.37,1,14.67,0
11540,6.657,8.06,924,12.19,1992,160,0.85,0.37,1,14.67,0
11548,13.957,6.1,1561,14.28,1994,140,1.46,0.34,1,0,0
11549,12.292,6.5,1561,14.28,1994,140,1,0.34,1,0,0
11563,3.413,16.45,5876,17,1993,160,1.139,0.62,1,0,0
11564,3.413,16.45,5876,17,1993,160,1.139,0.62,1,0,0
11571,3.942,17.22,9797,17.69,1994,160,1.07,0.85,1,0.612000000000006,1
11572,3.942,17.22,9797,17.69,1994,160,1.07,0.85,1,0.612000000000006,1
11579,8.035,8.5,2638.99,19.32,1994,250,1.49,0.53,1,0,0
11734,5.298,13.45,8141,21.87,1995,230,1.83,0.72,1,0,0
11747,5.482,11,2646,14.84,1994,200,1,0.52,1,0,0
11748,5.11,10,1510,14.27,1994,200,1,0.48,1,0,0
11749,5.581,11.7,3511,14.84,1995,200,1,0.48,1,0,0
11755,5.384,14,7536,16.7,1996,200,1,0.7,1,0,0
11762,5.061,16.4,14416,19.2,1995,230,1.57,0.9,1,0,0
11774,7.91,9.8,3679,15.73,1992,230,1.76,0.55,1,0,0
11775,9.81,8.8,3679,15.73,1992,230,2.29,0.55,1,0,0
11777,2.523,17.7,4625.7,18.27,1996,230,1.4,0.7,1,0,0
11778,2.877,20.2,11172,20,1997,230,1.29,0.8,1,0,0
11816,8.937,11.1,5803,11.81,1983,200,1.148,0.8,1,0,0
11817,8.937,11.1,5803,11.81,1983,200,1.148,0.8,1,0,0
11824,18.573,5.28,1079,9.93,1964,200,1.386,0.31,1,0,1
11825,18.573,5.28,1079,9.93,1964,200,1.386,0.31,1,0,1
11871,4.965,16.05,12717,19.18,1995,160,1.43,0.9,1,0,0
11885,4.795,15.5,12003,22.32,2006,130,1.23,0.85,1,0,0
11942,4.565,13.35,4420,16.474,1998,150,1.17,0.6,1,0.276300000000002,0
11945,18.19,5,958,11.43,1939,160,1.07,0.41,1,0,1
11946,18.19,5,958,11.43,1939,160,1.07,0.41,1,0,1
11949,5.595,11,2920,15.72,1995,150,1.35,0.52,1,0,0
11950,5.425,11,2920,16.72,1995,150,1.35,0.52,1,0,0
11960,3.264,17,6204.8,17.21,1995,200,1.24,0.65,1,0,0
11961,3.264,17,6204.8,17.21,1995,200,1.24,0.65,1,0,0
11962,2.167,23.7,12085,20.13,2009,200,1.36,0.91,1,0,0
11963,2.167,23.7,12085,20.13,2009,200,1.36,0.91,1,0,0
11964,4.591,12.5,3280.2,15.73,2009,200,1.07,0.56,1,0,0
11965,4.591,12.5,3280.2,15.73,2009,200,1.07,0.56,1,0,0
11977,9.672,9.05,3993,15.7,1994,200,2.47,0.58,1,0,0
11978,9.672,9.05,3993,15.7,1994,200,2.47,0.58,1,0,0
11980,20.035,5,1030,10.13,1991,200,0.889,0.37,1,0,1
11981,20.035,5,1030,10.13,1991,200,0.889,0.37,1,0,1
11982,6.633,9,1581.8,13.52,1996,200,1.25,0.37,1,0,0
11983,6.633,9,1581.8,13.52,1996,200,1.25,0.37,1,0,0
11990,14.733,7.2,2629,11.12,1988,160,0.939,0.46,1,11.997,1
12012,4.356,14.95,9047,23.55,1994,160,1.49,0.78,1,6.66,0
12013,4.356,14.95,9047,23.55,1994,160,1.49,0.78,1,6.66,0
12017,5.238,14.9,9789,17.86,1993,200,1.093,0.75,1,0,0
12018,3.837,18.8,14147,18.98,1994,200,1.25,0.9,1,0,0
12021,6.076,11.54,3845,14.49,1994,200,1.43,0.59,1,0,0
12033,5.275,12.72,5048,17.1,1997,160,1,0.65,1,9.9,0
12034,4.681,13.5,5061,17.16,1997,160,1,0.65,1,24.3,0
12072,4.738,11.57,2475,15.18,1996,200,1.7,0.46,1,3.6,0
12073,4.738,11.57,2475,15.18,1996,200,1.7,0.46,1,3.6,0
12172,4.795,12.17,3240,15.85,1999,160,1.2,0.55,1,9.495,0
12176,8.624,10.42,6066,17.07,1992,200,1.744,0.73,1,0,0
12177,8.772,10.42,6066,16.5,1992,200,1.744,0.73,1,0,0
12182,4.1,13.32,3352.4,15.634,1996,200,1.55,0.54,1,0,0
12183,4.1,13.32,3352.4,15.634,1996,200,1.55,0.54,1,0,0
12233,3.135,20.46,14773,21.16,1992,160,1,0.9,1,0,0
12249,7.059,11.13,5331,17.2,1997,160,1.92,0.65,1,10.926,0
12250,7.039,11.13,5331,17.3,1997,160,1.92,0.65,1,10.926,0
12266,4.059,16.05,8825.8,19.92,1996,250,1.04,0.75,1,1.83870000000001,0
12392,4.4,12,2540,15.61,1999,160,1.09,0.47,1,1.2996,0
12530,3.077,12.45,1716,18.61,1995,250,1,0.51,1,0,0
12564,3.01,18.24,9146,22.5,1994,160,1.29,0.7,1,2.403,0
12573,7.108,8.82,2492,20.11,1995,200,1,0.6,1,0,0
12574,7.108,8.82,2492,20.11,1995,200,1,0.6,1,0,0
12654,11.28,5.06,358,10.59,1994,140,1.33,0.27,1,0,0
12655,11.28,5.06,358,10.59,1994,140,1.33,0.27,1,0,0
12669,4.17,14,4870,17.99,1999,200,1,0.6,1,0.9,0
12674,5.831,11.5,4061,16.85,1995,200,1.332,0.64,1,5.76,0
12675,6.462,11.5,4176,14.11,1995,200,1.517,0.64,1,5.76,0
12767,8.823,6,454.7,11.12,2000,110,1.05,0.3,1,0,0
12768,8.823,6,454.7,11.12,2000,110,1.05,0.3,1,0,0
12788,3.438,21,19741,21.19,2000,160,1.38,0.97,1,0,0
12789,3.438,21,19741,21.19,2000,160,1.38,0.97,1,0,0
12814,3.876,13.3,2828,14.84,2000,160,1.24,0.5,1,0,0
12916,3.869,16.82,12024,24.76,2003,200,1.456,0.808,1,2.63430000000001,0
12959,14.598,5.6,1196,14.08,1933,200,1.059,0.43,1,0,0
12972,11.585,6,705,10,1931,160,1.33,0.41,1,0,0
13012,11.165,7.8,4084,21.84,1950,160,1.243,0.75,1,0,1
13016,5.005,13.73,6336,17.56,1999,200,1.05,0.71,1,0,0
13032,6.076,11.54,3845,14.49,1994,200,1.43,0.59,1,0,0
13051,4.17,14,4870,17.99,1999,200,1,0.6,1,0.9,0
13058,14.362,9.32,10155,16.1,1996,130,1,0.47,1,14.445,0
13074,5.435,13.45,7436.65,18.98,1995,230,2.32,0.72,1,0,0
13103,5.482,11,2646,14.84,1994,200,1,0.52,1,0,0
13138,6.265,10.6,2802,13.95,1988,160,1.928,0.5,1,0,0
13143,18.748,4.5,701,12,1967,200,0.881,0.35,1,0,0
13174,4.475,17.2,14206,20,1989,200,1.052,0.94,1,22.86,0
13189,5.906,13.07,6931,16.804,2002,200,1.809,0.738,1,0,0
13208,4.795,12.2,3037,14.71,1975,160,1.73,0.55,1,16.29,0
13210,5.022,13.73,6227,17.14,1999,200,1.05,0.71,1,0,0
13226,3.914,12.6,2290,14.63,1993,200,1.3,0.47,1,0,0
13282,5.022,13.73,6227,17.14,1999,200,1.05,0.71,1,0,0
13313,5.285,14,6110,14.05,1994,160,1.28,0.69,1,25.254,0
13386,5.963,12.89,6110,15.36,1974,160,1.82,0.66,1,0,0
13473,9.81,8.8,3679,15.73,1992,230,2.29,0.55,1,0,0
13483,12.959,4.8,310,8.58,1957,200,0.8,0.32,1,0,1
13495,3.407,21.35,21268,21.76,1999,230,1.13,1,1,0,0
13497,5.797,12,4770,16.89,1976,200,1.25,0.66,1,2.73600000000001,0
13511,4.322,17.3,13483,19.88,2004,160,1.9,0.9,1,0.702000000000001,0
13520,5.005,13.73,6336,17.56,1999,200,1.05,0.71,1,0,0
13542,5.238,14.9,9789,17.86,1993,200,1.093,0.75,1,0,0
13594,3.902,19.5,17477,19.59,1995,200,1.232,1,1,0,0
13608,14.565,5.6,761,9,1931,160,1.442,0.44,1,0,0
13671,3.876,13.3,2828,14.84,2000,160,1.24,0.5,1,0,0
13709,5.581,11.7,3511,14.84,1995,200,1,0.48,1,0,0
13735,5.371,15.107,12178,20,1988,200,1.405,0.88,1,2.97,0
13774,5.605,12.1,4093.9,15,1992,140,1.29,0.62,1,5.202,0
13776,14.461,5.6,1196,14.35,1933,200,1.059,0.43,1,0,0
13790,9.823,6.6,869,11.71,1993,200,1.82,0.35,1,0,0
13815,5.005,13.73,6336,17.56,1999,200,1.05,0.71,1,0,0
13836,5.022,13.73,6227,17.14,1999,200,1.05,0.71,1,0,0
13893,4.109,16.88,10556,19,1976,200,1.37,0.76,1,7.2,0
13928,15.611,4.6,398,9,1974,120,1.419,0.34,1,0,0
13935,5.022,13.73,6227,17.14,1999,200,1.05,0.71,1,0,0
14054,3.821,16.92,12147,25.05,2003,200,1.456,0.808,1,4.6026,0
14118,11.585,6,705,10,1931,160,1.33,0.41,1,0,0
14131,4.43,14.55,7979,22.38,2000,200,1,0.75,1,3.31200000000001,0
14152,11.585,6,705,10,1931,160,1.33,0.41,1,0,0
14168,15.689,7.1,2943,11.61,1969,100,1.033,0.6,1,0,0
14193,3.408,16.3,6313,19,2002,160,1.154,0.64,1,0,0
14205,5.022,13.73,6227,17.14,1999,200,1.05,0.71,1,0,0
14222,5.022,13.73,6227,17.14,1999,200,1.05,0.71,1,0,0
14261,4.389,11.9,2071,13.23,1993,200,1.53,0.47,1,0,0
14332,8.339,8.4,1855,13.22,1988,160,1,0.44,1,0,0
14377,6.325,7,545,14,1994,160,1.038,0.3,1,0,0
14388,7.91,9.8,3679,15.73,1992,230,1.76,0.55,1,0,0
14410,2.877,20.2,11172,20,1997,230,1.29,0.8,1,0,0
14483,4.114,14.6,5298,17,1964,200,0.972,0.64,1,0,0
14521,5.943,10.5,2300,13.22,1979,160,1.03,0.48,1,0,0
14636,5.11,10,1510,14.27,1994,200,1,0.48,1,0,0
14647,5.005,13.73,6336,17.56,1999,200,1.05,0.71,1,0,0
14718,7.469,10.48,4500,16.5,2001,200,1.89,0.63,1,0.116999999999996,0
14722,3.837,18.8,14147,18.98,1994,200,1.25,0.9,1,0,0
14740,2.523,17.7,4625.7,18.27,1996,230,1.4,0.7,1,0,0
14749,5.061,16.4,14416,19.2,1996,230,1.57,0.9,1,0,0
14757,3.867,19.5,17477,19.94,1995,160,1.232,1,1,0,0
14824,2.741,19.5,11834.6,26.88,1981,120,1,0.8,1,4.58999999999999,0
14838,13.142,5,350,8,1981,160,1.18,0.3,1,0,0
14879,5.32,13,4980,15.2,1975,160,1.53,0.83,1,0,0
15365,6.282,11.21,4495,17.8,1977,160,0.96,0.59,1,7.79310000000001,1
15373,12.927,7.1,2812,16.34,1982,160,0.91,0.57,1,0,1
15380,6.814,11.74,5898,16.5,2006,160,1.48,0.7,1,0,0
15388,6.395,8.9,1226,11.79,2003,140,1.735,0.38,1,0,0
15441,19.109,5,1430,15.46,1934,150,1.1,0.45,1,0,0
15481,5.616,11.65,4060,17.24,1979,140,1,0.66,1,0,0
15526,2.979,16.26,3989,15.865,1985,70,1,0.55,1,7.02,0
15571,4.965,12.8,3797,14.16,1982,130,0.99,0.56,1,0,1
15611,10.442,6,465,8.12,1979,140,1.277,0.32,1,1.998,0
15677,3.556,19.05,11744,17.4,1997,100,1.3,0.84,1,0,0
15722,11.793,5.5,571,11.07,1971,160,1.16,0.33,1,23.004,0
15726,12.793,7,2029,12.74,1969,160,1.2,0.5,1,0,0
15733,19.671,5,1030.1,10.51,1960,160,1.02,0.4,1,0,1
15734,18.815,5.1,1091,11.24,1961,160,1.19,0.43,1,0,1
15762,5.383,13.36,6386,17.07,1979,130,1.39,0.7,1,5.22,0
15765,4.947,12.3,3594,15.83,1990,160,1.24,0.57,1,0,0
15876,6.16,12,4009,12.57,1982,160,1,0.61,1,0,1
15877,16.352,4,263,9.48,1989,140,0.766,0.3,1,0,1
15878,12.628,6.8,2030,14.69,1976,120,0.86,0.54,1,0,1
15929,4.687,12.35,2829,13.66,1991,120,1.081,0.53,1,0,1
15960,17.85,6.7,3518,13.52,1967,160,1.007,0.62,1,29.997,0
15983,6.143,12.8,8224,20.03,1961,160,1.054,0.75,1,0,0
15984,6.153,12.8,8177,19.85,1961,160,1.054,0.75,1,0,0
16042,6.071,12.64,7390,19.38,1996,160,1.66,0.72,1,8.37792,0
16073,5.942,12.55,6041,17.02,1988,160,1.083,0.7,1,16.2,0
16075,4.672,14.35,6072,16.19,1980,160,1.475,0.7,1,17.658,0
16132,6.174,11.38,3830,14.78,1988,150,1.56,0.6,1,9,0
16134,4.525,15.8,9687,18.73,1985,140,1.379,0.8,1,9.1494,0
16145,4.685,15,7682,17.06,1996,100,1.001,0.75,1,0,0
16199,5.493,13.95,7187,15.52,1976,110,1.083,0.76,1,0,0
16206,17.006,6,1715,11.29,1968,160,1.31,0.51,1,0,0
16207,11.162,6.2,832,11.15,1971,160,0.853,0.36,1,0,0
16213,26.227,4.5,1108.9,9.7,1959,150,1.08,0.42,1,0,1
16217,19.671,5,1030.1,10.51,1960,160,1.02,0.4,1,0,1
16218,18.815,5.1,1091,11.24,1961,160,1.18,0.43,1,0,1
16224,7.349,10,3261,14.9,1979,160,1.34,0.57,1,0,1
16225,3.917,17.25,9819,17.83,1997,160,1,0.8,1,33.498,0
16234,4.672,9.87,1188,14.15,1990,120,1.01,0.36,1,10.44,0
16347,5.726,11,2743.5,14.1,1995,120,0.989,0.54,1,0,0
16395,15.498,6.5,1696,9.76,1934,160,0.866,0.52,1,0,1
16457,4.687,12.35,2829,13.66,1991,120,1.081,0.53,1,0,1
16511,5.773,11.65,3804,15.29,1979,140,1,0.66,1,0,0
16551,4.165,15.16,6221,16.75,1979,140,1.21,0.66,1,0,0
16579,8.855,7.6,1232,11.62,1978,140,1.79,0.42,1,0,0
16615,11.05,6.35,758,9.42,1993,120,1,0.36,1,0,0
16643,17.583,5.8,1374,9.69,1951,160,0.89,0.47,1,0,1
16680,4.891,14,5747,15.43,1985,160,1.123,0.7,1,0,0
16685,8,9,1702,10,1972,160,0.99,0.46,1,0,0
16689,8.273,7.2,650,8.72,1973,140,0.94,0.33,1,0,0
16690,8.273,7.2,650,8.72,1973,140,0.94,0.33,1,0,0
16721,4.71,15.05,7580,16.43,1997,140,1,0.75,1,0,0
16754,4.535,13.5,3303,11.93,1973,160,1.26,0.578,1,0,0
16766,20.806,5.3,1365,9.86,1958,150,1.5,0.47,1,0,0
16769,9.606,5.8,450.7,10.65,1982,160,1.08,0.3,1,0,1
16771,16.711,5.6,1205.4,10.83,1960,160,0.976,0.44,1,0,1
16774,40.793,4.2,1979,9.43,1969,160,1.19,0.35,1,0,0
16883,5.386,14,7561,16.74,1998,120,1.03,0.75,1,0,0
16903,5.563,15.07,11645,18,1988,130,1.264,0.88,1,0,0
16921,5.861,12,4939,17.11,1982,160,1,0.61,1,0,1
16922,11.576,8.8,5830.4,17.9,1984,160,0.95,0.68,1,0,1
16936,8.61,6.6,622,10.91,1992,140,1.14,0.3,1,0,0
16940,6.994,8.2,1056,11.78,1983,140,1,0.35,1,0,1
16941,7.021,8.2,1056,11.69,1983,140,1,0.35,1,0,1
16996,19.341,4.97,1430,15.46,1934,150,1.1,0.45,1,0,0
17068,5.602,11.71,3786,15.83,1976,120,1.007,0.56,1,10.98,1
17069,13.821,6,893,8.9,1991,160,1,0.4,1,0,0
17101,8.162,9.4,2808,13.32,1981,110,1.064,0.54,1,0,0
17137,5.425,12.8,4204,13.13,1982,130,0.99,0.56,1,0,1
17160,17.583,5.8,1374,9.69,1951,160,0.89,0.47,1,0,1
17161,17.583,5.8,1374,9.69,1951,160,0.89,0.47,1,0,1
17174,26.43,3.25,253,8.01,1977,160,0.87,0.28,1,0,0
17188,10.053,6,465,8.76,1979,140,1.277,0.32,1,1.998,0
17209,4.891,14,5747,15.43,1985,160,1.123,0.7,1,0,0
17255,10.228,8.6,2943,12.69,1950,130,0.81,0.6,1,2.7,0
17256,4.535,13.5,3303,11.93,1973,160,1.26,0.578,1,0,0
17266,11.793,5.5,571,11.07,1971,160,1.16,0.33,1,23.004,0
17267,3.397,21,19477,21.41,1990,160,1.49,1,1,0,0
17269,12.793,7,2029,12.74,1969,160,1.2,0.5,1,0,0
17272,40.116,5.3,4745,9.22,1958,150,1.5,0.47,1,0,0
17273,26.227,4.5,1108.9,9.7,1959,150,1.08,0.42,1,0,1
17274,9.76,5.8,480.1,10.99,1981,160,1.2,0.3,1,0,1
17275,16.711,5.6,1205.4,10.83,1960,160,0.976,0.44,1,0,1
17288,6.011,13.5,9622,19.78,1978,140,1.974,0.8,1,0,0
17299,4.591,9.87,994,12.26,1990,120,1.01,0.36,1,0,0
17306,3.036,21.5,15586,19.52,1987,150,1.16,0.93,1,0,0
17398,2.814,20.64,11190,19.21,1999,110,1.42,0.8,1,21.996,0
17431,16.292,4,274,9.95,1989,140,0.766,0.3,1,0,1
17436,15.05,6.5,1696,10.35,1934,160,0.866,0.52,1,0,1
17439,14.008,7.35,2170,9.35,1985,160,1,0.35,1,11.583,0
17455,8.468,6.55,582,10.88,1981,140,1.37,0.3,1,0,0
17571,18.281,3.8,244,8.64,1990,160,1,0.25,1,0,1
17582,3.742,18.5,14291,21.5,1985,160,1,0.9,1,0,0
17602,5.469,11.71,4185,18.36,1976,120,1.007,0.56,1,10.98,1
17606,4.185,15.7,8058,18.68,2001,160,1.38,0.88,1,0,0
17618,2.979,16.26,3989,15.865,1985,70,1,0.55,1,7.02,0
17647,13.465,8.1,3726,11.78,1956,110,1,0.67,1,0,1
17668,6.071,12.55,6589,17.78,1988,160,1.074,0.7,1,16.2,0
17705,16.185,5.5,884,9.1,1950,160,0.994,0.39,1,19.8,1
17728,9.415,6.2,602,11.34,1988,140,1.269,0.32,1,0,0
17737,11.702,5.2,323,7.96,1976,130,1.265,0.3,1,0,0
17738,11.702,5.2,323,7.96,1976,130,1.265,0.3,1,0,0
17751,8,9,1702,10,1972,160,0.99,0.46,1,0,0
17753,21.889,5.1,1118,8.51,1946,160,0.93,0.46,1,0,0
17782,4.708,12.6,3064,13.53,1997,130,1.36,0.55,1,0,0
17784,4.708,12.6,3064,13.53,1997,130,1.36,0.55,1,0,0
17786,3.556,19.05,11744,17.4,1997,100,1.3,0.84,1,0,0
17817,11.58,5.7,652.9,11.38,1974,160,0.88,0.35,1,0,1
17819,3.397,21,19477,21.41,1990,160,1.49,1,1,0,0
17829,6.011,13.5,9622,19.78,1978,140,1.974,0.8,1,0,0
17888,4.967,16.4,15747,21.77,2006,160,1.33,0.95,1,0,0
17959,4.179,16.88,10055,17.5,1976,140,1.37,0.76,1,7.173,0
17971,4.21,14.6,6202,19,2001,120,0.848,0.64,1,0,0
17994,13.144,6.8,2030,13.56,1976,120,0.86,0.54,1,0,1
18001,9.822,8,2628,16.41,1987,140,1,0.5,1,2.9142,1
18020,8.61,6.6,622,10.91,1992,140,1.14,0.3,1,0,0
18057,6.288,11.09,3396,14.01,1989,160,1.217,0.59,1,25.2,0
18161,4.165,15.16,6221,16.75,1979,140,1.21,0.66,1,0,0
18191,6.111,12.64,7390,19.13,1996,160,1.66,0.72,1,8.37792,0
18200,8.855,7.6,1232,11.62,1978,140,1.16,0.42,1,0,0
18247,15.959,5.4,1105,12.59,1937,160,1.167,0.41,1,0,1
18267,17.583,5.8,1374,9.69,1951,160,0.89,0.47,1,0,1
18268,17.583,5.8,1374,9.69,1951,160,0.89,0.47,1,0,1
18305,5.181,14.35,7580,16.43,1997,140,1,0.75,1,0,0
18348,13.773,5.7,861,10.61,1971,160,0.883,0.37,1,0,0
18349,13.773,5.7,861,10.61,1971,160,0.883,0.37,1,0,0
18352,9.609,5.8,451,10.65,1982,160,1.08,0.3,1,0,1
18353,40.793,4.2,1979,9.43,1969,160,1.19,0.35,1,0,0
18361,7.349,10,3261,14.9,1979,160,1.34,0.57,1,0,1
18375,4.947,12.3,3594,15.83,1990,160,1.24,0.57,1,0,0
18501,6.145,11.21,4495,18.6,1977,160,0.96,0.59,1,7.79310000000001,1
18538,6.335,8.9,1245,12.2,2003,140,1.735,0.38,1,0,0
18648,4.828,15.7,10492,18.28,2004,160,1,0.9,1,0,0
18674,4.185,15.7,8058,18.68,2001,160,1.38,0.88,1,0,0
18698,8.162,9.4,2808,13.32,1981,110,1.064,0.54,1,0,0
18699,11.062,6.58,1097,11.8,1979,110,1.59,0.4,1,14.0004,0
18727,9.298,6.2,496,9.58,1976,160,1.179,0.32,1,0,0
18750,6.679,9.2,1717,13.255,1986,100,1,0.44,1,0,1
18764,15.999,5.4,1100,12.47,1937,160,1.167,0.41,1,0,1
18772,26.801,3.25,291,8.96,1977,160,0.87,0.28,1,0,0
18797,6.174,11.38,3830,14.78,1988,150,1.56,0.6,1,9,0
18884,11.58,5.7,652.9,11.38,1974,160,0.88,0.35,1,0,1
18885,17.006,6,1715,11.29,1968,160,1.31,0.51,1,0,0
18886,11.162,6.2,832,11.15,1971,160,0.853,0.36,1,0,0
18890,9.76,5.8,480.1,10.99,1981,160,1.2,0.3,1,0,1
18912,5.383,13.36,6386,17.07,1979,130,1.39,0.7,1,5.22,0
18915,3.691,19.5,15586,19.52,1987,150,1.25,0.93,1,0,0
18996,5.209,11.6,2373,11.92,1983,120,2.02,0.46,1,0,0
19058,11.018,5.49,632,14.14,1985,160,0.95,0.3,1,0.054000000000002,1
19064,6.761,11.74,5898,16.76,2006,160,1.48,0.7,1,0,0
19078,8.445,6.55,582,10.94,1986,140,1.37,0.3,1,0,0
19121,6.288,11.09,3396,14.01,1989,160,1.217,0.59,1,25.2,0
19156,21.714,5.75,2047,9.8,1959,120,1.15,0.7,1,0,0
19177,5.831,12.4,5147,15.8,1971,160,1.25,0.65,1,0,0
19213,13.456,6,893,9.39,1988,160,1,0.4,1,0,0
19240,11.062,6.58,1097,11.8,1979,110,1.47,0.4,1,14.0004,0
19242,14.591,8.1,4446,11.97,1956,110,1,0.67,1,0,1
19259,8.95,6.2,496,10.34,1976,160,1.179,0.32,1,0,0
19265,4.728,14.35,6108,15.9,1980,160,1.714,0.7,1,17.658,0
19287,10.947,6.38,1100,13.67,1999,110,0.859,0.4,1,1.35,0
19296,16.185,5.5,884,9.1,1950,160,0.994,0.39,1,19.8,1
19312,9.242,6.2,602,11.77,1988,140,1.269,0.32,1,0,0
19322,17.583,5.8,1374,9.69,1951,160,0.89,0.47,1,0,1
19327,4.588,15.8,9687,18.22,1985,140,1.034,0.8,1,9.1494,0
19416,3.785,17.55,9819,17.83,1997,160,1,0.8,1,33.498,0
19516,13.252,6.16,1284,12.53,1998,100,1,0.44,1,0,0
19570,3.572,20,18412,22.25,2002,160,1.116,0.994,1,0.602099999999997,0
19575,13.394,6.16,1207,11.53,1998,100,1,0.44,1,0,0
19629,14.16,7.1,2664,12.9,1976,160,1.03,0.6,1,0,0
19637,10.293,6.8,807,8.79,1966,120,0.975,0.37,1,0,1
19651,5.914,13.43,8614.5,18.68,2003,200,1.85,0.85,1,0,0
19691,8.78,9,3704,18.07,1970,200,1.128,0.65,1,0,0
19696,6.74,12.14,6859,17.15,1996,120,1.13,0.75,1,9,0
19710,35.325,3.4,638,9.44,1973,120,1,0.35,1,0,0
19812,5.742,13.5,8554,19.27,2000,160,1.21,0.8,1,0,0
19834,3.55,17.5,7634,15.934,1983,140,0.98,0.7,1,0,0
19856,13.413,7.1,2203.2,11.89,1981,120,1.05,0.6,1,0,0
19900,6.77,10.1,2598,13.44,1976,120,1.21,0.52,1,1.5705,1
19921,5.231,14,7626,17.9,1994,160,1.7,0.7,1,0,0
19951,13.538,6.1,1013,9.85,1970,160,1,0.48,1,0,0
20035,3.571,17.31,12086,26.04,1993,160,1.07,0.75,1,11.7,0
20043,9.987,6,471,8.99,1976,120,0.84,0.3,1,0,0
20090,19.215,6,2752,14.19,1991,160,1,0.52,1,0,0
20155,5.096,11.2,2246,13.56,1992,140,0.9,0.49,1,0,0
20166,6.407,10.5,2111,10.44,1977,110,1.061,0.5,1,1.31399999999999,1
20167,13.241,6,849,9.22,1966,120,0.914,0.37,1,0,0
20168,7.147,15,10479,10,1998,160,1.79,0.83,1,0,0
20174,6.095,10.5,2593,14.17,1977,110,1.061,0.5,1,1.31399999999999,1
20214,7.546,14.1,13574,14.88,1981,160,1.154,1,1,0,0
20267,15.106,4.58,398,9.78,1978,130,1.056,0.29,1,0,0
20272,4.533,10.5,1141,11.27,1942,130,1.216,0.45,1,10.8,0
20284,4.847,12,2438,12.35,1985,130,1,0.47,1,18,0
20306,2.914,21,13280,19.84,1992,140,1.5,0.82,1,0,0
20326,3.337,18.7,9808,17.77,2000,200,1,0.78,1,0,0
20357,5.161,12.96,5104,16.76,2001,130,1.15,0.65,1,21.771,0
20374,7.935,13.1,10633,14.15,1983,120,1.153,1,1,0,0
20388,4.764,13,3715,14.14,1970,120,1.032,0.55,1,19.368,0
20493,40.338,3.4,987,11.2,1991,120,0.748,0.4,1,0,0
20496,9.382,9.55,3163,10.66,1933,160,1.216,0.65,1,0,0
20522,13.429,5.47,674,10.3,1980,160,1.05,0.32,1,5.4,0
20545,21.694,6.1,3317,12.56,1979,160,0.94,0.6,1,0,0
20558,5.849,9.47,1415,12.69,1985,120,1.22,0.41,1,2.367,0
20560,5.742,13.5,8554,19.27,1999,160,1.21,0.8,1,0,0
20594,17.309,5.8,1484,10.8,1950,140,1.01,0.49,1,0,1
20630,4.533,13.6,4114,14.44,1992,140,1.09,0.6,1,29.7,0
20643,6.577,9.56,1823,12.45,1989,130,1.106,0.46,1,4.5,0
20675,5.742,13.5,8554,19.27,1999,160,1.21,0.8,1,0,0
20679,12.273,5.8,1533,22.19,1982,140,1,0.38,1,4.77,0
20684,3.262,19.24,10274,17.39,2009,160,1,0.85,1,20.43,0
20706,4.442,13,3529,15.45,1999,120,1.22,0.55,1,0,0
20712,23.251,4.3,1236,16.5,1971,160,1.001,0.4,1,0,0
20714,4.488,14.3,5898,17.275,1999,120,1.22,0.58,1,0,0
20726,4.814,15.92,12590,20.87,2001,250,1.083,0.88,1,0,0
20768,4.533,10.5,1141,11.27,1942,130,1.216,0.45,1,10.8,0
20782,15.106,4.58,398,9.78,1978,130,1.056,0.29,1,0,0
20797,6.63,7.78,626,9.59,1985,140,1,0.34,1,0,1
20809,19.536,5.2,691,6.11,1997,130,1.39,0.32,1,0,0
20844,21.453,6.1,2952,11.43,1978,120,1.031,0.6,1,0,1
20878,5.742,13.5,8554,19.27,2000,160,1.21,0.8,1,0,0
20881,5.7,13.55,8554,19.27,1999,160,1.21,0.8,1,0,0
20892,6.087,13.87,12396,22.302,1996,200,1.4,0.9,1,29.28366,0
20915,5.364,11.19,2781,15.21,1998,160,1.84,0.5,1,10.3851,0
20924,4.902,12.686,3503,13.89,1982,140,1.24,0.54,1,0,0
20937,8.513,8.5,484.5,3.16,1969,110,1.3,0.4,1,0,0
20956,15.829,6.1,1420,10.1,1972,160,1.031,0.5,1,0,0
20999,14.256,6,1013,9.49,1960,160,1.19,0.48,1,0,0
21077,5.742,13.5,8554,19.27,1999,160,1.21,0.8,1,0,0
21095,3.682,17.45,8737,17.15,1994,160,1.017,0.74,1,0,0
21120,17.727,6.1,1871,10.61,1980,120,1.112,0.5,1,0,0
21128,7.454,11.56,6285,15.63,1978,140,1.15,0.75,1,5.85,1
21135,5.895,11.73,3925,14.72,1981,120,1,0.6,1,0,0
21198,6.034,10.4,2688,15.57,1992,100,1.4,0.5,1,29.493,0
21212,5.91,10.2,2387,15.58,1997,140,1,0.5,1,0,0
21229,6.008,10.2,2141,13.52,1993,100,1.149,0.47,1,0,0
21232,5.742,13.5,8554,19.27,2000,160,1.21,0.8,1,0,0
21262,11.396,5.94,749,11.43,2001,120,1,0.36,1,0,0
21287,2.549,21.1,10230,19.6,2000,160,1.54,0.8,1,0,0
21330,6.017,10.4,2697,15.71,2000,160,2.29,0.54,1,0,0
21336,5.343,12,3303,13.77,1979,120,1.053,0.54,1,0,1
21347,4.025,18,14290,20.73,1995,160,1.2,0.95,1,0,0
21356,5.742,13.5,8554,19.27,1999,160,1.21,0.8,1,0,0
21371,5.409,11.1,2338,12.99,1980,130,1.452,0.47,1,0,0
21420,6.686,10.1,2598,13.78,1976,120,1.21,0.52,1,1.5705,1
21436,9.513,6,616,12.96,1978,150,1.04,0.32,1,0,0
21457,8.034,8.8,2259,14.4,1993,120,1,0.52,1,0,0
21480,6.162,12.07,5023,15.38,1985,120,1.3,0.63,1,0,0
21486,13.999,6,1017,9.88,1969,160,1.03,0.45,1,0,0
21508,5.742,13.5,8554,19.27,1999,160,1.21,0.8,1,0,0
21510,13.429,5.47,674,10.3,1980,160,1.05,0.32,1,5.4,0
21511,8.195,8.5,484.5,3.41,1969,110,1.3,0.4,1,0,0
21612,6.762,7.78,679,10,1985,140,1,0.34,1,0,1
21627,14.37,5.6,1009,12.26,1992,160,1,0.39,1,0,0
21644,20.925,5.2,1291,9.95,1971,160,1.021,0.45,1,0,1
21649,2.807,21.9,14218,19.35,2001,200,1.05,0.91,1,0,0
21664,5.343,12,3303,13.77,1979,120,1.053,0.54,1,0,1
21725,7.532,8.2,1319,12.69,1980,110,1.27,0.42,1,8.04509999999999,1
21775,4.275,14.75,5074,14.47,2010,130,1.14,0.64,1,0,0
21776,5.742,13.5,8554,19.27,2000,160,1.21,0.8,1,0,0
21780,7.082,11.25,6036,18.54,2002,250,2.12,0.66,1,9,0
21786,10.203,6.71,863,10.09,1980,140,1.1,0.34,1,0,0
21789,18.902,6.1,1654,8.25,1983,130,1.033,0.5,1,0,0
21797,15.741,7.1,2710,10.62,1952,120,0.891,0.5,1,0,0
21826,7.546,14.1,13574,14.88,1981,160,1.154,1,1,0,0
21854,2.8,21,12084,19.55,1992,140,1.5,0.82,1,0,0
21858,5.742,13.5,8554,19.27,2000,160,1.21,0.8,1,0,0
21862,5.788,13,6115,15.77,1983,140,1.01,0.66,1,0,1
21872,5.91,10.2,2387,15.58,1997,140,1,0.5,1,0,0
21909,5.385,12.05,3323,13.41,1974,130,1.334,0.54,1,5.4,0
21934,8.364,14.1,13000,11.6,1967,160,1.154,1,1,0,0
21936,14.987,7.1,2688,11.62,1985,120,1.05,0.6,1,0,0
21940,4.408,14.7,7565,20.57,2000,130,1.17,0.69,1,0,0
21952,5.788,13,6115,15.77,1983,140,1.01,0.66,1,0,1
21969,7.147,15,10479,10,1997,160,1.79,0.83,1,0,0
21981,16.54,7,2726,10.24,1964,160,0.87,0.6,1,0,0
22020,17.567,6.6,3358,14.15,1954,160,0.978,0.58,1,0,0
22052,12.995,5.5,816,13.03,1986,140,1,0.35,1,0,1
22095,23.447,4.3,681,8.94,1978,160,0.94,0.38,1,0,1
22116,5.551,9.4,820,8.41,1984,140,1,0.36,1,0,0
22118,4.408,14.7,7565,20.57,2000,130,1.17,0.69,1,0,0
22164,7.1,8.2,1333,14.43,1998,130,1.39,0.41,1,0,0
22180,16.548,7.1,3136,11.12,1978,120,1.05,0.6,1,0,0
22187,11.426,6.28,1009,12.26,1992,160,1,0.39,1,0,0
22190,17.148,6.1,1660,10.06,1974,160,1.03,0.5,1,0,0
22201,4.937,13.25,5104,16.76,2001,130,1.07,0.65,1,21.771,0
22215,4.764,13,3715,14.14,1970,120,1.032,0.55,1,19.368,0
22220,20.925,5.2,1291,9.95,1971,160,1.021,0.45,1,0,1
22245,15.766,6.99,3147.7,13.088,1955,140,1.2,0.59,1,13.5,1
22252,6.051,15.1,13000,16.85,1988,160,1.173,1,1,0,0
22274,4.643,16.2,10739.9,17.85,1995,140,1.173,0.85,1,0,0
22279,5.742,13.5,8554,19.27,2000,160,1.21,0.8,1,0,0
22329,10.293,6.8,807,8.79,1966,120,0.975,0.37,1,0,1
22429,2.549,21.1,10230,19.6,1999,160,1.54,0.8,1,0,0
22434,5.046,15.25,11240,20.14,2002,120,1.55,0.8,1,0,0
22444,16.54,7,2726,10.24,1964,160,0.87,0.6,1,0,0
22480,5.576,13.7,8554,19.27,2000,160,1.21,0.8,1,0,0
22491,5.742,13.5,8554,19.27,1999,160,1.21,0.8,1,0,0
22554,5.895,11.73,3925,14.72,1981,120,1,0.6,1,0,0
22576,17.727,6.1,1871,10.61,1980,120,1.112,0.5,1,0,0
22595,10.173,6.72,863,10.09,1980,140,1.1,0.34,1,0,0
22596,5.742,13.5,8554,19.27,1999,160,1.21,0.8,1,0,0
22604,19.536,5.2,691,6.11,1997,130,1.39,0.32,1,0,0
22679,4.316,12.2,2529,15.12,1992,160,1,0.47,1,0,0
22695,14.256,6,1013,9.49,1960,160,1.19,0.48,1,0,0
22697,4.42,14.5,6264,17.9,1992,200,1,0.69,1,0,0
22726,5.914,13.43,8614.5,18.68,2003,200,1.85,0.85,1,0,0
22737,8.115,9.06,2385.5,13.267,1986,140,1.81,0.5,1,5.4,1
22745,12.731,8.1,3430,12.13,1985,120,1.104,0.7,1,0,0
22749,3.223,19.31,10120,17.29,2008,160,1.11,0.85,1,20.43,0
22751,5.742,13.5,8554,19.27,1999,160,1.21,0.8,1,0,0
22770,17.316,6.1,1871,11.12,1980,140,1.031,0.5,1,0,0
22776,4.42,14.5,6264,17.9,1992,200,1,0.69,1,0,0
22798,4.401,15.7,8169,17.13,1985,140,1,0.77,1,1.683,0
22805,14.16,7.1,2664,12.9,1976,160,1.03,0.6,1,0,0
22808,17.029,7.1,2858,9.57,1970,120,1.05,0.6,1,0,0
22853,15.972,6.1,1337,9.34,1971,120,1.057,0.5,1,0,0
22860,22.628,4.5,685,8.05,1971,140,0.86,0.24,1,0,0
22866,10.857,6.3,973,12.93,1992,130,1,0.39,1,0,0
22897,2.549,21.1,10230,19.6,1999,160,1.54,0.8,1,0,0
22931,16.54,7,2726,10.24,1964,160,0.87,0.6,1,0,0
22947,6.512,11,3857,15.33,1993,100,1.08,0.55,1,0,0
22956,15.393,5.52,1242,13.93,2002,250,2.02,0.4,1,0,0
22959,3.337,18.7,9808,17.77,2000,200,1,0.78,1,0,0
22960,5.212,13,6056,19.26,1999,110,1.2,0.6,1,0,0
23031,5.742,13.5,8554,19.27,2000,160,1.21,0.8,1,0,0
23052,16.548,7.1,3136,11.12,1978,120,1.05,0.6,1,0,0
23084,7.943,7.58,796,9.43,1976,130,0.95,0.34,1,22.5,0
23108,5.742,13.5,8554,19.27,2000,160,1.21,0.8,1,0,0
23119,7.164,12.2,5825,12.64,1948,120,1.42,0.7,1,0,0
23142,11.008,6.46,863,10.09,1980,140,1.1,0.34,1,0,0
23170,4.751,15.2,8438,17.28,1986,130,1.071,0.75,1,0,1
23173,5.11,11.2,2246,13.49,1992,140,0.9,0.49,1,0,0
23185,5.742,13.5,8554,19.27,2000,160,1.21,0.8,1,0,0
23188,4.737,15,8517,18.5,2002,120,1.04,0.77,1,0,0
23194,2.834,17.7,5564,17.41,1993,160,1,0.66,1,0,0
23203,9.889,6,471,9.17,1976,120,0.84,0.3,1,0,0
23228,7.394,11.6,7640,19.041,1994,200,1,0.6,1,0,0
23266,12.663,8,2726,10.24,1964,160,0.88,0.6,1,0,0
23325,2.993,17,4707,15.518,1992,160,1.066,0.61,1,30.474,0
23357,4.401,15.7,8169,17.13,1985,140,1,0.77,1,1.683,0
23401,5.742,13.5,8554,19.27,1999,160,1.21,0.8,1,0,0
23452,3.355,19.2,11315,18.25,1986,140,1.11,0.84,1,0,0
23472,3.55,17.5,7634,15.934,1983,140,0.98,0.7,1,0,0
23478,15.672,7.1,3440,13.6,1970,120,1.05,0.6,1,0,0
23487,17.436,6.1,1508,8.84,1977,160,0.93,0.45,1,0,0
23500,2.834,17.7,5564,17.41,1993,160,1,0.66,1,0,0
23515,7.769,10.5,3895,13.1,2002,250,2.11,0.62,1,0,0
23553,20.577,4.7,834,9.96,1997,130,1.67,0.34,1,0,0
23614,5.512,9.1,1097,12.99,1985,120,0.915,0.37,1,0,1
23615,5.742,13.5,8554,19.27,1999,160,1.21,0.8,1,0,0
23616,4.316,12.2,2529,15.12,1992,160,1,0.47,1,0,0
23672,10.978,7.2,1260,9.6,1980,120,0.939,0.4,1,0,0
23676,4.558,11,1992,16.16,1999,120,1,0.42,1,11.34,0
23712,17.316,6.1,1871,11.12,1980,140,1.031,0.5,1,0,0
23804,3.682,17.45,8737,17.15,1994,160,1.017,0.74,1,0,0
23813,3.932,14.6,4068,14.29,1992,160,1.018,0.6,1,0.269999999999997,0
23821,13.439,8.1,5202,16.51,1972,120,1.104,0.7,1,0,0
23826,4.533,13.6,4114,14.44,1992,140,1.09,0.6,1,29.7,0
23838,3.191,12.6,1608,15.46,1989,160,1.04,0.42,1,0,0
23860,14.37,5.6,1009,12.26,1992,160,1,0.39,1,0,0
23868,20.577,4.7,834,9.96,1997,130,1.67,0.34,1,0,0
23874,5.742,13.5,8554,19.27,1999,160,1.21,0.8,1,0,0
23884,3.938,18.565,13629,18.25,2006,130,1.09,0.92,1,18,0
23911,10.173,6.72,863,10.09,1980,140,1.1,0.34,1,0,0
23915,15.676,6,1301,10.08,1963,120,0.883,0.37,1,0,1
23918,6.808,10.8,5295,20.72,1982,140,1.09,0.61,1,0,0
23927,21.453,6.1,2952,11.43,1978,120,1.031,0.6,1,0,1
23996,5.576,13.7,8554,19.27,1999,160,1.21,0.8,1,0,0
24001,4.412,12.4,2940,15.76,2001,200,1,0.57,1,7.56,0
24134,5.742,13.5,8554,19.27,1999,160,1.21,0.8,1,0,0
24149,2.807,21.9,14218,19.35,2001,200,1,0.91,1,0,0
24190,16.54,7,2726,10.24,1964,160,0.87,0.6,1,0,0
24191,14.666,5.9,1013,9.59,1960,160,1.19,0.46,1,0,0
24193,4.584,12.9,3726,15.8,1995,160,1,0.59,1,0,0
24217,5.742,13.5,8554,19.27,2000,160,1.21,0.8,1,0,0
24257,19.215,6,2752,14.19,1991,160,1,0.52,1,0,0
24262,14.743,5.9,1013,9.49,1960,160,1.19,0.46,1,0,0
24264,19.868,4.94,1270,13.33,1948,160,1,0.45,1,0,0
24292,17.436,6.1,1508,8.84,1977,160,0.93,0.45,1,0,0
24338,17.309,5.8,1484,10.8,1950,140,1.01,0.49,1,0,1
24349,4.442,13,3529,15.45,1999,120,1.22,0.55,1,0,0
24371,12.352,8,3460,13.66,1968,120,1.095,0.6,1,0,0
24390,6.051,15.1,13000,16.85,1988,160,1.173,1,1,0,0
24412,7.491,11.1,3977,11.52,1951,130,1,0.68,1,3.6,0
24427,5.7,13.55,8554,19.27,1999,160,1.21,0.8,1,0,0
24469,13.439,8.1,5202,16.51,1972,120,1.104,0.7,1,0,0
24480,5.742,13.5,8554,19.27,1999,160,1.21,0.8,1,0,0
24507,7.529,9.1,2437,15.47,1997,200,1,0.5,1,6.3,0
24530,5.943,11.72,4297,15.91,1995,120,1.32,0.6,1,3.6153,0
24552,11.866,5.6,454,8.09,1992,160,1.67,0.25,1,0,0
24615,6.74,12.14,6859,17.15,1996,120,1.13,0.75,1,9,0
24627,7.881,8.3,1701,14.24,1997,140,1,0.45,1,0,0
24646,31.6,4.3,725,5.24,1991,120,1.001,0.4,1,0,0
24673,4.847,12,2438,12.35,1985,130,1,0.47,1,18,0
24697,5.742,13.5,8554,19.27,2000,160,1.21,0.8,1,0,0
24713,7.943,7.58,796,9.43,1976,130,0.95,0.34,1,22.5,0
24727,5.187,15.72,16255,24.41,2005,160,1.159,0.88,1,0,0
24754,3.191,12.6,1608,15.46,1989,160,1.04,0.42,1,0,0
24766,3.262,16,4489,15.88,1997,160,1,0.6,1,0,0
24768,2.549,21.1,10230,19.6,2000,160,1.54,0.8,1,0,0
24834,9.513,6,616,12.96,1978,150,1.04,0.32,1,0,0
24839,3.355,19.2,11315,18.25,1986,140,1.11,0.84,1,0,0
24873,21.694,6.1,3317,12.56,1979,160,0.94,0.6,1,0,0
24884,5.742,13.5,8554,19.27,2000,160,1.21,0.8,1,0,0
24888,40.338,3.4,987,11.2,1991,120,0.748,0.4,1,0,0
24907,6.017,10.4,2697,15.71,2001,160,2.29,0.54,1,0,0
24912,5.869,11.5,4104,16.81,1978,110,1.04,0.56,1,0,1
24935,5.012,12.8,4018,14.7,1996,140,1.143,0.6,1,0,0
24952,15.829,6.1,1420,10.1,1972,160,1.031,0.5,1,0,0
24958,7.706,5.65,246,10.03,1992,130,1,0.25,1,0,0
24966,6.577,9.56,1823,12.45,1989,130,1.106,0.46,1,4.5,0
24974,5.425,12.23,3994,14.97,1986,130,1.005,0.61,1,11.016,1
25016,8.454,9,3704,19.49,1970,200,1.128,0.65,1,0,0
25045,11.426,6.28,1009,12.26,1992,160,1,0.39,1,0,0
25092,3.938,18.565,13629,18.25,2006,130,1.09,0.92,1,18,0
25095,12.731,8.1,3430,12.13,1990,120,1.104,0.7,1,0,0
25106,35.325,3.4,638,9.44,1973,120,1.274,0.35,1,0,0
25119,16.395,5.5,1287,12.91,1993,160,1.7,0.4,1,0,0
25120,6.051,11.72,3785,13.52,1995,120,1.32,0.6,1,3.6153,0
25126,5.364,11.19,2781,15.21,1998,160,1.84,0.5,1,10.3851,0
25160,6.254,9.4,1651,13.34,1996,120,1,0.46,1,0,1
25178,4.643,16.2,10739.9,17.85,1995,140,1.173,0.85,1,0,0
25200,13.379,6,849,9.03,1966,120,0.914,0.37,1,0,0
25225,16.853,6,1368,9.17,1965,120,1.155,0.37,1,0,1
25228,6.008,10.2,2141,13.52,1993,100,1.149,0.47,1,0,0
25286,16.514,7.1,2758,9.82,1988,120,1.05,0.59,1,0,0
25288,25.113,4.3,824,9.43,1971,160,1.001,0.4,1,0,0
25310,5.742,13.5,8554,19.27,1999,160,1.21,0.8,1,0,0
25349,9.382,9.55,3163,10.66,1933,160,1.216,0.65,1,0,0
25356,7.394,11.6,7640,19.041,1994,200,1,0.6,1,0,0
25366,17.029,7.1,2858,9.57,1970,120,1.05,0.6,1,0,0
25376,5.742,13.5,8554,19.27,2000,160,1.21,0.8,1,0,0
25381,5.742,13.5,8554,19.27,1999,160,1.21,0.8,1,0,0
25386,5.555,9.1,969,11.3,1985,120,0.99,0.37,1,0,0
25412,7.558,11.56,6285,15.2,1978,140,1.15,0.75,1,5.85,1
25424,4.732,15.79,9228,16.36,1979,160,1.07,0.76,1,16.2,0
25431,12.663,8,2726,10.24,1964,160,0.88,0.6,1,0,0
25438,8.893,7.1,927,11.38,1953,150,0.928,0.38,1,0,0
25451,4.558,11,1992,16.16,1999,120,1,0.42,1,11.34,0
25521,7.529,9.1,2437,15.47,1997,200,1,0.5,1,6.3,0
25531,3.571,17.31,12086,26.04,1993,160,1.07,0.75,1,11.7,0
25546,7.532,8.2,1319,12.69,1980,110,1.27,0.42,1,8.04509999999999,1
25547,5.7,13.55,8554,19.27,2000,160,1.21,0.8,1,0,0
25567,4.902,12.686,3503,13.89,1982,140,1.24,0.54,1,0,0
25584,5.849,9.47,1415,12.69,1985,120,1.22,0.41,1,2.367,0
25607,7.578,5.65,208,8.77,1992,130,1,0.25,1,0,0
25614,11.699,10,7703.4,13.887,1964,160,1.03,0.7,1,0,1
25621,5.07,12.5,3924,15.43,1992,120,1.06,0.6,1,0,0
25657,16.673,7.1,3327,11.62,1991,120,1.05,0.6,1,14.004,0
25674,12.928,5.9,916,11.16,2003,130,1.74,0.4,1,0,0
25681,4.412,12.4,2940,15.76,2001,200,1,0.57,1,7.56,0
25696,5.7,13.55,8554,19.27,1999,160,1.21,0.8,1,0,0
25711,4.82,15.92,12425,20.54,2001,250,1.18,0.88,1,0,0
25718,12.904,6.5,1271,10.55,1936,160,1.097,0.5,1,0,0
25736,4.737,15,8517,18.5,2002,120,1.04,0.77,1,0,0
25741,7.164,12.2,5825,12.64,1948,120,1.42,0.7,1,0,0
25745,5.042,12.8,4018,14.53,1996,140,1.143,0.6,1,0,0
25750,5.385,12.05,3323,13.41,1974,130,1.334,0.54,1,5.4,0
25752,10.655,7.4,1490,10.8,1965,120,0.953,0.385,1,0,1
25758,10.405,11,13542,21.08,2000,160,1,0.98,1,0,0
25762,10.817,7.2,1379,10.82,1980,120,0.939,0.4,1,0,0
25791,16.514,7.1,2758,9.82,1988,120,1.05,0.59,1,0,0
25798,13.538,6.1,1013,9.85,1970,160,1,0.48,1,0,0
25812,10.628,6.1,784.1,12.37,1991,120,1.031,0.37,1,0,0
25818,7.881,8.3,1701,14.24,1997,140,1,0.45,1,0,0
25867,11.008,6.46,863,10.09,1980,140,1.1,0.34,1,0,0
25880,5.493,10,1687.8,13.8,1999,160,1.35,0.473,1,0,0
25893,10.628,6.1,784.1,12.37,1991,120,0.912,0.37,1,0,0
25903,5.455,10,1643.5,13.63,1999,160,1.35,0.473,1,0,0
25926,10.857,6.3,973,12.93,1992,130,1,0.39,1,0,0
25935,11.866,5.6,454,8.09,1992,160,1.67,0.25,1,0,0
25968,2.993,17,4707,15.518,1992,160,1.066,0.61,1,30.474,0
26002,12.995,5.5,816,13.03,1986,140,1,0.35,1,0,1
26003,7.87,9.06,2395,14.16,1986,140,1.7,0.5,1,5.4,1
26008,4.275,14.75,5074,14.47,2010,130,1.14,0.64,1,0,0
26025,4.488,14.3,5898,17.275,1999,120,1.22,0.58,1,0,0
26034,16.853,6,1368,9.17,1965,120,1.155,0.37,1,0,1
26036,18.902,6.1,1654,8.25,1983,130,1.033,0.5,1,0,0
26038,16.395,5.5,1287,12.91,1993,160,1.7,0.4,1,0,0
26047,12.904,6.5,1271,10.55,1936,160,1.097,0.5,1,0,0
26085,5.869,11.5,4104,16.81,1978,110,1.04,0.56,1,0,1
26090,10.203,6.71,863,10.09,1980,140,1.1,0.34,1,0,0
26100,15.689,7.1,2943,11.61,1969,100,1.033,0.6,1,0,0
26107,7.068,8.2,1354,14.79,1998,130,1.39,0.41,1,0,0
26143,6.087,13.87,12396,22.302,1996,200,1.4,0.9,1,29.28366,0
26196,5.7,13.55,8554,19.27,2000,160,1.21,0.8,1,0,0
26209,15.978,6.1,1338,9.34,1971,120,1.057,0.5,1,0,0
26244,5.742,13.5,8554,19.27,2000,160,1.21,0.8,1,0,0
26284,5.07,12.5,3924,15.43,1992,120,1.06,0.6,1,0,0
26292,5.7,13.55,8554,19.27,2000,160,1.21,0.8,1,0,0
26300,5.231,14,7626,17.9,1994,160,1.7,0.7,1,0,0
26324,12.352,8,3460,13.66,1968,120,1.095,0.6,1,0,0
26331,5.742,13.5,8554,19.27,2000,160,1.21,0.8,1,0,0
26371,4.629,15,9545,21.71,1985,120,1.009,0.73,1,0,0
26386,5.38,11.1,2363,13.27,1980,130,1.452,0.47,1,0,0
26390,13.413,7.1,2203.2,11.89,1981,120,1.05,0.6,1,0,0
26410,31.6,4.3,725,5.24,1991,120,1.001,0.4,1,0,0
26780,3.557,15.3,5328,18.96,2004,90,1.05,0.6,1,0,0
26814,9.991,8.9,5358,21.11,1995,250,2.2,0.64,1,0,0
26824,7.108,8.82,2492,20.11,1997,250,1,0.6,1,0,0
26835,9.991,8.9,5358,21.11,1995,250,2.2,0.64,1,0,0
26841,9.991,8.9,5358,21.11,1995,250,2.2,0.64,1,0,0
26852,9.991,8.9,5358,21.11,1995,250,2.2,0.64,1,0,0
26858,4.644,13.2,5639,21.25,1995,250,1.29,0.64,1,0,0
26887,7.108,8.82,2492,20.11,1997,250,1,0.6,1,0,0
26892,4.644,13.2,5639,21.25,1995,250,1.29,0.64,1,0,0
27044,3.719,18,11162,18.97,2000,160,1,0.77,1,16.9155,0
27087,5.517,14.1,7840,16.08,1997,140,1.15,0.8,1,0,0
27162,4.799,16.14,12719,20.08,1984,100,1,0.87,1,0,0
27196,7.337,9.6,2685,14.49,1994,130,1,0.55,1,26.01,0
27393,6.699,8.4,1247,13.77,1993,120,1.17,0.4,1,0,0
27422,4.606,12.35,3046,15.23,1992,130,1.1,0.48,1,31.14,0
27423,5.479,12.8,4131,12.65,1984,120,1.056,0.63,1,0,1
27489,5.698,12,4903,17.97,1999,140,1.3,0.57,1,1.2996,0
27582,19.829,7,3654,9.55,1997,90,0.979,0.51,1,0,0
27709,5.497,13.25,5737,15.2,1990,120,1.13,0.7,1,0,0
27928,4.942,11.5,2914,16.83,1993,100,1.05,0.5,1,2.7,0
27967,9.819,7.18,1456,14.02,1993,130,1,0.4,1,0,0
28026,9.819,7.18,1456,14.02,1993,160,1,0.4,1,0,0
28069,9.388,6,500,10.8,1974,150,0.936,0.32,1,0,1
28138,4.174,17.3,11476,18.14,1993,120,1.24,0.84,1,0,0
28140,5.474,13.13,7905,21.9,1991,80,1,0.65,1,0,0
28141,6.095,11.95,8955,29.17,1981,130,1.195,0.56,1,2.7,0
28153,8.328,14.1,13000,11.7,1967,100,1.137,1,1,0,0
28199,7.52,11.1,4464,12.83,1951,90,1,0.68,1,3.6,0
28231,4.382,14.73,6632,18.1,1989,140,1.04,0.7,1,7.74,0
28425,11.33,7.6,1772,10.21,1941,120,0.959,0.44,1,0,0
28476,7.151,9,2014,14.81,1993,120,1.2,0.48,1,0,0
28663,7.199,9,2041,14.81,1993,120,1.2,0.48,1,0,0
28675,5.342,10.5,2088,14.85,2001,80,1,0.45,1,0,0
28703,7.142,9.73,2685,14.49,1994,130,1,0.55,1,26.01,0
29011,7.508,9.49,2685,14.49,1994,130,1,0.55,1,26.01,0
29054,9.368,9.39,2685,9.71,1994,130,1,0.55,1,26.01,0
29190,4.978,11.5,2863,16.3,1993,100,1.05,0.5,1,2.7,0
29310,4.641,12.35,3006,14.8,1992,130,1.1,0.48,1,31.14,0
29375,11.353,6.85,1379,11.99,1992,120,1.1,0.46,1,9.98999999999999,0
29443,6.699,8.4,1247,13.77,1993,120,1.17,0.4,1,0,0
29454,7.636,9.41,2685,14.49,1994,130,1,0.55,1,26.01,0
29509,21.413,7,4078,9.14,1997,90,0.979,0.51,1,0,0
29561,9.388,6,500,10.8,1974,150,0.936,0.32,1,0,1
29647,9.592,6,563,11.65,1975,150,0.95,0.32,1,0,1
29810,3.79,19.21,15235,19.22,1992,140,1.56,0.9,1,9.45,0
29854,10.347,5.75,516,10.88,1992,150,1.1,0.32,1,0,0
30026,5.317,11.84,3422,15.2,1998,140,1.22,0.55,1,29.502,0
30095,8.602,7,620,8.61,1972,160,1.12,0.32,1,0,0
30109,3.622,18,11082,19.85,2000,160,1,0.77,1,16.9155,0
30206,5.479,12.8,4131,12.65,1984,120,1.056,0.63,1,0,1
30437,3.214,20.5,13678,18.5,1993,150,1.16,0.9,1,0,0
30470,10.027,6.8,957,10.985,1974,140,1,0.4,1,0,1
30515,5.517,14.1,7840,16.08,1997,140,1.06,0.8,1,0,0
30575,5.497,13.25,5737,15.2,1990,120,1.13,0.7,1,0,0
30648,4.015,15.7,6805,17.14,2005,160,1.28,0.75,1,0,0
30682,5.371,11.8,3761,16.59,1999,90,1.59,0.59,1,23.481,0
30697,4.782,14.73,6703,15.36,1992,140,1.1,0.7,1,7.74,0
30749,4.634,13.35,5647,20.43,1999,140,1.23,0.6,1,0.279000000000002,0
30843,13.255,6.92,1708,10.46,1959,120,1.27,0.46,1,9.98999999999999,1
30999,14.607,9.4,9047,13.4,1952,130,1.36,0.82,1,0,0
31000,14.607,9.4,9047,13.4,1952,130,1.36,0.82,1,0,0
31007,16.629,3.4,130,8.68,1976,110,0.87,0.2,1,0,0
31008,16.629,3.4,130,8.68,1976,110,0.87,0.2,1,0,0
31053,6.622,10.9,3760,14.99,1995,160,1,0.61,1,0,0
31054,6.622,10.9,3760,14.99,1995,160,1,0.61,1,0,0
31081,4.841,17.73,19428.5,20.7,1971,160,1.216,1.02,1,7.524,0
31082,4.841,17.73,19428.5,20.7,1971,160,1.216,1.02,1,7.524,0
31296,4.037,14.2,4072,15.16,2001,160,1.03,0.65,1,22.5,0
31302,3.704,14.5,4518,18.38,2000,160,1,0.58,1,5.94,0
31328,7.545,7.5,1003,13.74,2000,160,1,0.36,1,0,0
31351,4.146,13.6,3487,14.63,2000,160,1.45,0.55,1,0,0
31365,4.146,13.6,3487,14.63,1999,160,1,0.55,1,0,0
31407,4.049,13.6,4684,20.61,1999,160,1,0.55,1,0,0
31422,7.815,7.5,1127,14.39,2000,160,1,0.36,1,0,0
31441,3.864,14.5,4188,15.66,2000,160,1,0.58,1,5.94,0
31558,14.908,4.76,443,9.58,1981,160,1,0.28,1,0,0
31561,14.908,4.76,443,9.58,1981,160,1,0.28,1,0,0
31860,8.404,10,5639,19.7,2006,160,1,0.69,1,28.98,0
31886,3.666,16.08,6772,18.6,2009,160,1,0.71,1,30.6,0
31887,4.584,17.13,15211,20.74,1972,130,1.016,0.94,1,14.166,0
31889,4.771,14.45,7128,17.72,1987,150,1.18,0.79,1,13.86,0
31950,3.146,18.97,9617,18.51,1987,150,1.06,0.79,1,13.86,0
31995,12.89,6.84,1692,11.48,1934,160,1,0.5,1,10.98,1
32025,5.455,11.5,3289,15.59,1997,160,0.991,0.55,1,1.53,0
32047,4.669,15.2,7833,16.61,1985,160,1.08,0.8,1,0,0
32055,4.418,16.5,11001,18.76,1978,160,0.922,0.82,1,0,0
32061,19.562,5.2,1033,9.11,1988,120,1,0.45,1,0,0
32065,4.669,15.2,7833,16.61,1985,160,1.08,0.8,1,0,0
32068,4.635,15.2,7805,16.79,1993,140,1,0.8,1,0,0
32078,4.418,16.5,11001,18.76,1978,160,0.922,0.82,1,0,0
32087,5.455,11.5,3289,15.59,1997,160,0.991,0.55,1,1.53,0
32101,12.89,6.84,1692,11.48,1934,160,1,0.5,1,10.98,1
32127,4.635,15.2,7805,16.79,1993,140,1,0.8,1,0,0
32162,8.24,8.2,1154.7,9.28,1988,110,1.49,0.41,1,0,0
32163,16.904,3.8,248,10.27,1992,160,1.37,0.25,1,0,0
32218,16.904,3.8,248,10.27,1992,160,1.37,0.25,1,0,0
32330,4.993,14.67,8003,17.1,1997,160,1.041,0.81,1,16.2,0
32727,23.32,5.2,1228,7.62,1967,140,0.8,0.33,1,0,0
32768,9.537,6.6,810,11.58,1997,130,0.876,0.4,1,0,0
33018,41.809,4.45,2817,10.14,1987,130,1.38,0.4,1,0.9,0
33046,5.697,11.8,4499,17.64,1981,140,1.36,0.62,1,0.9,0
33072,3.903,15.99,6620,16.4,2013,150,1,0.74,1,3.87,0
33074,3.896,13.95,4188,17.98,2013,160,1.1,0.53,1,0,0
33701,22.493,4.45,866,10.77,1987,130,1.38,0.4,1,0.9,0
34155,15.882,7,2808,11.44,1966,100,1.038,0.6,1,0,0
34539,6.022,11.8,4499,15.79,1981,140,1.36,0.62,1,0.9,0
34653,5.802,11.88,4974,18.3,1983,140,1.22,0.62,1,1.8,0
34657,11.157,5,414,13.13,1973,130,0.96,0.3,1,0,1
34692,3.312,19.4,10404,16.52,1989,140,1,0.8,1,0,0
34721,5.8,9.25,1082,10.84,1979,140,1.54,0.38,1,18,0
34742,21.374,6.5,3814,11.54,1951,160,1.4,0.67,1,0,1
35164,15.182,5.25,914,12.88,2001,160,1.061,0.4,1,0,0
35492,6.069,14.5,14581,22.1,2002,160,1.18,0.79,1,8.55,0
35813,5.115,11,2293,14.77,1984,140,1.07,0.48,1,0,1
36062,3.32,19.4,10404,16.44,1989,140,1,0.8,1,0,0
36113,5.319,13.28,5417,15.19,1985,140,1.01,0.7,1,11.7,0
36159,3.874,13.95,3703,16.08,2013,160,1.1,0.53,1,0,0
36465,3.922,19.86,19301,19.9,1983,160,1.367,1,1,15.615,0
36488,8.065,8.12,1232,10.75,1987,130,1.09,0.41,1,0,0
36569,6.23,12.54,6808,17.5,1979,140,1.058,0.7,1,18,0
37352,5.309,12.3,4212,16.11,1979,140,1.04,0.58,1,0,0
37484,3.633,15.14,4945,17.59,1989,150,1.07,0.6,1,0,0
37574,7.358,11.1,4863,14.6,1987,140,1.42,0.65,1,5.4,0
37620,27.776,4.3,868,8.12,1970,160,0.943,0.4,1,0,0
37666,12.242,5.32,433,8.9,1984,160,1.88,0.28,1,0,0
37679,8.623,10,3954,13.12,1949,160,0.94,0.61,1,0,0
37824,9.522,12.1,12241,15.54,1982,160,1.139,1,1,0,0
37825,9.522,12.1,12241,15.54,1982,160,1.139,1,1,0,0
37837,3.408,16.3,6313,19,2002,160,1.154,0.64,1,0,0
38261,3.926,18.45,10684,14.76,1972,160,1.52,0.82,1,0,0
38360,12.028,5.7,359,5.8,1967,140,0.832,0.23,1,9.9,0
38498,4.313,13.5,4357,17.4,1990,140,1,0.65,1,9,0
38870,13.943,8.1,4199,12.38,1975,160,1.02,0.7,1,29.7,0
38962,24.429,4.38,875,9.83,1979,140,0.912,0.4,1,0,0
39068,3.146,19.6,10862,18.35,2003,140,1,0.84,1,0,0
39163,4.946,12.17,3951,18.17,1999,140,1.17,0.55,1,9.5004,0
39346,12.766,8,4442,16.42,1932,160,1.27,0.65,1,5.49,1
39407,5.156,13.1,4113,12.96,1989,130,1,0.6,1,0,0
39461,4.965,11.53,3028,17.15,1998,150,1.04,0.52,1,7.38,0
39567,16.522,8.1,4653,9.77,1980,140,1.022,0.7,1,0,0
39838,11.461,5,357,10.73,1971,140,1,0.27,1,0,1
39847,3.949,18,14212,21.42,1995,160,1.2,0.95,1,0,0
39962,5.178,11.52,2735,14.29,2003,140,1,0.5,1,9,0
40004,11.881,5.4,448,9.21,1987,150,1.64,0.29,1,0,0
40154,24.429,4.38,875,9.83,1979,140,0.912,0.4,1,0,0
40600,6.625,9.24,1329,10.25,1978,160,1.12,0.4,1,12.6,0
40623,21.374,6.5,3814,11.54,1951,160,1.4,0.67,1,0,1
40670,2.258,25,16948,21,1989,160,1.184,1.03,1,0,0
40734,7.364,12.8,8579,14.54,1982,140,1.057,0.8,1,0,0
40873,11.493,7.4,1326,8.26,1967,130,1.01,0.41,1,0,0
41777,12.414,6.6,1242,10.48,1972,150,0.88,0.38,1,0,0
42207,5.319,13.28,5417,15.19,1985,140,1.01,0.7,1,11.7,0
42211,11.291,5.5,426,9.01,1972,140,0.99,0.29,1,0,1
42253,10.727,6.6,1000,11.3,1948,160,1.169,0.45,1,0,1
42465,12.028,5.7,359,5.8,1967,140,0.832,0.23,1,9.9,0
42588,21.316,5.85,2202,10.21,1948,160,0.965,0.6,1,0,1
42691,13.674,4.72,492.8,13.102,1996,160,0.809,0.28,1,0,0
42962,3.228,16.8,5214,15.5,1988,140,1,0.61,1,0,0
43081,18.175,6.1,1696,9.15,1980,140,1.012,0.5,1,0,0
43305,15.182,5.25,914,12.88,2001,160,1.061,0.4,1,0,0
43465,11.264,5.5,519,11.03,1976,140,1.05,0.32,1,0,1
43595,6.17,11.5,3826,14.18,1995,160,1,0.65,1,1.8,0
43647,19.739,5.2,844,7.31,1967,140,0.8,0.33,1,0,0
43664,5.051,11.53,2905,15.9,1998,150,1.04,0.52,1,7.38,0
43760,5.93,12,4475,15.14,1994,160,1,0.64,1,0,0
43919,4.993,14.67,8003,17.1,1997,160,1.041,0.81,1,16.2,0
44156,15.742,6,1601,12.3,1959,140,1.1,0.46,1,0,1
44217,4.667,13.6,4452,14.74,1987,130,1.08,0.62,1,0,0
44455,9.925,8.15,2903,16.481,1995,160,1,0.5,1,0,0
44483,3.336,17.4,7203,17.42,2011,160,1.08,0.7,1,1.08899999999999,0
44503,4.313,13.5,4357,17.4,1990,140,1,0.65,1,9,0
44555,15.882,7,2808,11.44,1966,100,1.038,0.6,1,0,0
44572,5.178,11.52,2735,14.29,2003,140,1,0.5,1,9,0
44826,12.729,6,766,9,1976,130,1.28,0.36,1,0,1
44997,15.848,6,1649,12.5,1959,140,1.1,0.46,1,0,1
44999,11.291,5.5,426,9.01,1972,140,0.99,0.29,1,0,1
45090,21.374,6.5,3814,11.54,1951,160,1.4,0.67,1,0,1
45118,29.135,4.3,868,7.38,1970,160,0.943,0.4,1,0,0
45256,18.404,5.8,1760,11.33,1965,130,0.827,0.39,1,0,0
45356,10.82,5.6,546,11.7,1980,140,1.1,0.32,1,0,0
45427,6.816,11.45,4722,14.59,1984,160,1.76,0.65,1,0.9,0
45648,11.157,5,414,13.13,1973,130,0.96,0.3,1,0,1
45649,22.289,6.6,4233,11.08,1950,150,0.99,0.56,1,0,1
45806,5.309,12.3,4212,16.11,1979,140,1.04,0.58,1,0,0
45825,3.197,16.8,5214,15.8,1988,140,1,0.61,1,0,0
45852,11.378,10.1,6945,12.72,1980,140,1.141,0.8,1,0,0
45977,3.698,19.7,15692,18.8,2004,160,1.108,0.93,1,0,0
46211,11.378,10.1,6945,12.72,1980,140,1.141,0.8,1,0,0
46386,5.319,13.28,5417,15.19,1985,140,1.01,0.7,1,11.7,0
46500,18.175,6.1,1696,9.15,1980,140,1.012,0.5,1,0,0
46512,3.273,19.9,12403,18.22,1996,160,1,0.9,1,0,0
46805,2.258,25,16948,21,1989,160,1.184,1.03,1,0,0
47068,3.197,16.8,5214,15.8,1988,140,1,0.61,1,0,0
47263,21.374,6.5,3814,11.54,1951,160,1.4,0.67,1,0,1
47332,12.402,8.8,3914,10.47,1948,140,1.24,0.6,1,0,0
47342,11.881,5.4,448,9.21,1987,150,1.64,0.29,1,0,0
47493,12.716,7,1737,11.04,1937,130,0.948,0.5,1,0,0
47638,10.146,10,5119,12.27,1949,160,0.94,0.61,1,0,0
47718,19.302,4.7,462,6.27,1970,140,0.8,0.23,1,0,0
47733,18.87,6.8,2956,9.58,1962,140,1.21,0.45,1,0,0
47756,11.264,5.5,519,11.03,1976,140,1.05,0.32,1,0,1
47795,3.273,19.9,12403,18.22,1996,160,1,0.9,1,0,0
47953,9.63,8.5,3311.2,16.876,1996,160,1,0.53,1,0,0
48164,18.175,6.1,1696,9.15,1980,140,1.012,0.5,1,0,0
48221,4.667,13.6,4452,14.74,1987,130,1.08,0.62,1,0,0
48232,11.546,4.5,220,9.93,1975,140,1.06,0.26,1,0,1
48245,13.119,5.5,868,13.6,1972,130,1.04,0.39,1,0,1
48291,6.069,14.5,14581,22.1,2002,160,1.18,0.79,1,8.55,0
48293,3.922,19.86,19301,19.9,1983,160,1.367,1,1,15.615,0
48984,4.824,14.88,8555,18.5,1984,140,1.31,0.77,1,9,0
49090,4.504,14.5,6721,18.49,1973,140,1.31,0.629,1,3.429,1
49395,3.903,15.99,6620,16.4,2013,150,1,0.74,1,3.87,0
49526,16.775,4.5,513,10.97,1999,160,1.95,0.29,1,1.8,0
49635,4.708,17.5,20011,23.75,1979,160,1.02,0.98,1,0,0
49702,3.926,18.45,10684,14.76,1972,160,1.52,0.82,1,0,0
49716,4.883,14.96,8553,17.67,1974,130,1.038,0.76,1,0,0
49994,12.376,6.6,1517,12.88,1972,150,0.88,0.38,1,0,0
49995,18.764,5.4,1058,8.72,1947,160,1.13,0.4,1,0,0
50017,5.344,14.21,8262,17.51,1983,140,1.24,0.77,1,9.98999999999999,1
50217,18.175,6.1,1696,9.15,1980,140,1.012,0.5,1,0,0
50223,6.164,11.5,3910,14.52,1995,160,1,0.65,1,1.8,0
50496,14.582,7.32,3135,12.67,1963,160,1.41,0.5,1,10.998,0
50511,22.289,6.6,4233,11.08,1950,150,0.99,0.56,1,0,1
50671,10.857,4.5,220,11.23,1975,140,1.06,0.26,1,0,1
50753,6.816,11.45,4722,14.59,1984,160,1.76,0.65,1,0.9,0
50875,8.403,6.1,340,8.58,1985,140,1.07,0.28,1,9.98999999999999,0
50904,5.187,11.1,2324,14.04,2003,140,1,0.5,1,0,0
50966,4.546,11.4,1976,13.97,2003,160,1,0.44,1,0,0
51179,18.175,6.1,1696,9.15,1980,140,1.012,0.5,1,0,0
51259,4.824,14.88,8555,18.5,1984,140,1.31,0.77,1,9,0
51438,4.909,14.96,8184,16.73,1974,130,1.038,0.76,1,0,0
51785,10.727,6.6,1000,11.3,1948,160,1.169,0.45,1,0,1
51905,6.242,9.25,1207,10.44,1979,140,1.54,0.39,1,18,0
51929,5.319,13.28,5417,15.19,1985,140,1.01,0.7,1,11.7,0
52167,3.146,19.6,10862,18.35,2003,140,1,0.84,1,0,0
52431,4.538,14.5,6983,18.93,1973,140,1.31,0.629,1,3.429,1
52440,13.119,5.5,868,13.6,1972,130,1.04,0.39,1,0,1
52562,12.716,7,1737,11.04,1937,130,0.948,0.5,1,0,0
52607,12.402,8.8,3914,10.47,1948,140,1.24,0.6,1,0,0
52856,5.115,11,2293,14.77,1984,140,1.07,0.48,1,0,1
52952,7.358,11.1,4863,14.6,1987,140,1.42,0.65,1,5.4,0
53408,16.262,4.5,407,9.26,1999,160,1.95,0.29,1,1.8,0
53443,3.572,20,18412,22.25,2002,160,1.07,0.99,1,0,0
53628,5.93,12,4475,15.14,1994,160,1,0.64,1,0,0
53833,11.461,5,357,10.73,1971,140,1,0.27,1,0,1
54134,3.197,16.8,5214,15.8,1988,140,1,0.61,1,0,0
54461,12.716,7,1737,11.04,1937,130,0.948,0.5,1,0,0
54463,13.943,8.1,4199,12.38,1975,160,1.02,0.7,1,29.7,0
54490,6.223,12.54,5970,15.38,1979,140,1.058,0.7,1,18,0
54767,9.255,5.94,551,12.75,2001,160,1,0.34,1,0,0
55215,6.625,9.24,1329,10.25,1978,160,1.12,0.4,1,12.6,0
55342,5.802,11.88,4974,18.3,1983,140,1.22,0.62,1,1.8,0
55526,4.131,14.2,6578,23.39,1990,120,1,0.6,1,0,1
55532,8.403,6.1,340,8.58,1985,140,1.07,0.28,1,9.98999999999999,0
55550,16.522,8.1,4653,9.77,1980,140,1.022,0.7,1,0,0
55614,19.966,5.8,1980,10.83,1965,130,0.827,0.39,1,0,0
55791,5.32,13,4980,15.2,1975,130,1.53,0.83,1,0,0
55875,3.698,19.7,15692,18.8,2004,160,1.108,0.93,1,0,0
55898,18.764,5.4,1058,8.72,1947,160,1.13,0.4,1,0,0
56109,5.341,14.21,8232,17.46,1983,140,1.24,0.77,1,9.98999999999999,1
56212,9.537,6.6,810,11.58,1997,130,0.876,0.4,1,0,0
56266,12.713,4.7,210,6.57,1970,140,0.8,0.23,1,0,0
56662,14.582,7.32,3135,12.67,1963,160,1.41,0.5,1,10.998,0
56785,21.316,5.85,2202,10.21,1948,160,0.965,0.6,1,0,1
56809,18.175,6.1,1696,9.15,1980,140,1.012,0.5,1,0,0
56893,7.364,12.8,8579,14.54,1982,140,1.057,0.8,1,0,0
57013,5.187,11.1,2324,14.04,2003,140,1,0.5,1,0,0
57062,32.852,2.25,88,7.85,1982,130,1.27,0.18,1,0,0
57122,32.263,5.3,3605,10.83,1970,130,0.937,0.4,1,0,1
